teamCode,teamName,squadNumber,position,commonName,originalName,dateOfBirthIso,club,zhName,sourceId,sourceLabel,sourceDescription,searchQuery,confidence,reviewReason
ALG,Algeria,1,GK,Melvin Mastil,Melvin Feycal MASTIL,2000-02-19,FC Stade Nyonnais (SUI),,Q105846503,Melvin Mastil,法國足球運動員,Melvin Mastil,none,wikidata-match-without-zh-label
ALG,Algeria,3,DF,Achref Abada,Achref ABADA,1999-06-15,USM Alger (ALG),,Q136462891,Achref Abada,Algerian footballer (born 1999),Achref Abada,none,wikidata-match-without-zh-label
ALG,Algeria,4,DF,Mohamed Tougai,Mohamed Amine TOUGAI,2000-01-22,Espérance De Tunisie (TUN),,Q81659662,Mohamed Amine Tougai,Algerian football player,Mohamed Amine TOUGAI,none,wikidata-match-without-zh-label
ALG,Algeria,5,DF,Zineddine Belaïd,Zineddine BELAÏD,1999-03-20,JS Kabylie (ALG),,Q100273072,Zineddine Belaïd,Algerian footballer,Zineddine Belaïd,none,wikidata-match-without-zh-label
ALG,Algeria,11,FW,Anis Hadj Moussa,Anis HADJ MOUSSA,2002-02-11,Feyenoord Rotterdam (NED),,Q121946144,Anis Hadj Moussa,Algerian footballer (born 2002),Anis Hadj Moussa,none,wikidata-match-without-zh-label
ALG,Algeria,12,FW,Ahmed Benbouali,Ahmed Nadhir BENBOUALI,2000-04-17,Györi ETO FC (HUN),,,,,,none,no-wikidata-match
ALG,Algeria,13,DF,Jaouen Hadjam,Jaouen Djimmy HADJAM,2003-03-26,BSC Young Boys (SUI),,Q98561102,Jaouen Hadjam,French and Algerian footballer,Jaouen Hadjam,none,wikidata-match-without-zh-label
ALG,Algeria,16,GK,Oussama Benbot,Oussama BENBOT,1994-10-11,USM Alger (ALG),,Q84601192,Oussama Benbot,Algerian footballer,Oussama Benbot,none,wikidata-match-without-zh-label
ALG,Algeria,17,DF,Rak Belghali,Rak BELGHALI,2002-06-07,Hellas Verona FC (ITA),,,,,,none,no-wikidata-match
ALG,Algeria,20,FW,Adil Boulbina,Adil BOULBINA,2003-05-02,Al Duhail SC (QAT),,,,,,none,no-wikidata-match
ALG,Algeria,22,MF,Ibrahim Maza,Ibrahim MAZA,2005-11-24,Bayer 04 Leverkusen (GER),,Q118118504,Ibrahim Maza,德国足球运动员,Ibrahim Maza,none,wikidata-match-without-zh-label
ALG,Algeria,24,MF,Yassine Titraoui,Yassine M E G TITRAOUI,2003-07-26,Sporting Charleroi (BEL),,,,,,none,no-wikidata-match
ALG,Algeria,25,FW,Fares Ghedjemis,Fares GHEDJEMIS,2002-09-06,Frosinone (ITA),,,,,,none,no-wikidata-match
ALG,Algeria,26,DF,Samir Chergui,Samir Sophian CHERGUI,1999-02-06,Paris FC (FRA),,,,,,none,no-wikidata-match
ARG,Argentina,8,MF,Valentin Barco,Valentin BARCO,2004-07-23,RC Strasbourg (FRA),,,,,,none,no-wikidata-match
ARG,Argentina,21,FW,Jose Lopez,Jose Manuel Alberto LOPEZ,2000-12-06,SE Palmeiras (BRA),,,,,,none,no-wikidata-match
ARG,Argentina,23,GK,Damián Martínez,Damián Emiliano MARTÍNEZ,1992-09-02,Aston Villa FC (ENG),,,,,,none,no-wikidata-match
ARG,Argentina,26,DF,Nahuel Molina Lucero,Nahuel MOLINA LUCERO,1998-04-06,Atlético De Madrid (ESP),,,,,,none,no-wikidata-match
AUS,Australia,2,DF,Milos Degenek,Milos DEGENEK,1994-04-28,APOEL FC (CYP),,,,,,none,no-wikidata-match
AUS,Australia,9,FW,Mohamed Toure,Mohamed A TOURE,2004-03-26,Norwich City FC (ENG),,Q84593316,Mohamed Touré,Australian-Guinean association football player,Mohamed Toure,none,wikidata-match-without-zh-label
AUS,Australia,15,DF,Kai Trewin,Kai Clifton TREWIN,2001-05-18,New York City FC (USA),,Q87400019,Kai Trewin,Australian soccer player (born 2001),Kai Trewin,none,wikidata-match-without-zh-label
AUS,Australia,25,DF,Lucas Herrington,Lucas HERRINGTON,2007-09-05,Colorado Rapids (USA),,Q133105064,Lucas Herrington,Australian soccer player,Lucas Herrington,none,wikidata-match-without-zh-label
AUS,Australia,26,FW,Tete Yengi,Tete Owen YENGI,2000-11-28,FC Machida Zelvia (JPN),,Q104604531,Tete Yengi,Australian soccer player (born 2000),Tete Yengi,none,wikidata-match-without-zh-label
AUT,Austria,12,GK,Florian Wiegele,Florian WIEGELE,2001-03-21,FC Viktoria Plzeň (CZE),,Q123335801,Florian Wiegele,奥地利男子足球运动员,Florian Wiegele,none,wikidata-match-without-zh-label
AUT,Austria,25,DF,Michael Svoboda,Michael SVOBODA,1998-10-15,Venezia FC (ITA),,Q55813157,Michael Svoboda,奥地利男子足球运动员,Michael Svoboda,none,wikidata-match-without-zh-label
BEL,Belgium,11,FW,Jeremy Doku,Jeremy Baffour DOKU,2002-05-27,Manchester City FC (ENG),,,,,,none,no-wikidata-match
BEL,Belgium,18,DF,Joaquin Seys,Joaquin Ronny SEYS,2005-03-28,Club Brugge (BEL),,Q113510252,Joaquin Seys,比利时男子足球运动员,Joaquin Seys,none,wikidata-match-without-zh-label
BEL,Belgium,25,DF,Nathan Ngoy,Nathan NGOY,2003-06-10,Lille OSC (FRA),,,,,,none,no-wikidata-match
BIH,Bosnia And Herzegovina,1,GK,Nikola Vasilj,Nikola VASILJ,1995-12-02,FC St. Pauli (GER),,Q77243490,Nikola Vasilj,Bosnian association football player,Nikola Vasilj,none,wikidata-match-without-zh-label
BIH,Bosnia And Herzegovina,3,DF,Dennis Hadžikadunić,Dennis HADŽIKADUNIĆ,1998-07-09,UC Sampdoria (ITA),,Q27654739,Dennis Hadžikadunić,Bosnian-Swedish association football player,Dennis Hadžikadunić,none,wikidata-match-without-zh-label
BIH,Bosnia And Herzegovina,4,DF,Tarik Muharemović,Tarik MUHAREMOVIĆ,2003-02-28,US Sassuolo (ITA),,Q106620882,Tarik Muharemović,Bosnian association football player,Tarik Muharemović,none,wikidata-match-without-zh-label
BIH,Bosnia And Herzegovina,8,MF,Armin Gigović,Armin GIGOVIĆ,2002-04-06,BSC Young Boys (SUI),,Q70251271,Armin Gigović,Bosnian-Swedish association football player,Armin Gigović,none,wikidata-match-without-zh-label
BIH,Bosnia And Herzegovina,9,FW,Samed Baždar,Samed BAŽDAR,2004-01-31,Jagiellonia Białystok (POL),,Q107284545,Samed Baždar,Bosnian association football player,Samed Baždar,none,wikidata-match-without-zh-label
BIH,Bosnia And Herzegovina,12,GK,Mladen Jurkas,Mladen JURKAS,2007-10-07,FK Borac Banja Luka (BIH),,Q140007173,Mladen Jurkas,Bosnian footballer,Mladen Jurkas,none,wikidata-match-without-zh-label
BIH,Bosnia And Herzegovina,13,MF,Ivan Bašić,Ivan BAŠIĆ,2002-04-30,FC Astana (KAZ),,Q111536418,Ivan Bašić,Bosnian-Croatian association football player,Ivan Bašić,none,wikidata-match-without-zh-label
BIH,Bosnia And Herzegovina,15,MF,Amar Memić,Amar MEMIĆ,2001-01-20,FC Viktoria Plzeň (CZE),,Q124051749,Amar Memić,Bosnian footballer (born 2001),Amar Memić,none,wikidata-match-without-zh-label
BIH,Bosnia And Herzegovina,19,FW,Kerim Alajbegović,Kerim ALAJBEGOVIĆ,2007-09-21,FC Red Bull Salzburg (AUT),,Q130741313,Kerim Alajbegović,Bosnia and Herzegovina footballer (born 2007),Kerim Alajbegović,none,wikidata-match-without-zh-label
BIH,Bosnia And Herzegovina,20,FW,Esmir Bajraktarević,Esmir BAJRAKTAREVIĆ,2005-03-10,PSV Eindhoven (NED),,Q108518721,Esmir Bajraktarević,American-Bosnian association football player,Esmir Bajraktarević,none,wikidata-match-without-zh-label
BIH,Bosnia And Herzegovina,21,DF,Stjepan Radeljić,Stjepan RADELJIĆ,1997-09-05,HNK Rijeka (CRO),,Q56227031,Stjepan Radeljić,Bosnian association football player (born 1997),Stjepan Radeljić,none,wikidata-match-without-zh-label
BIH,Bosnia And Herzegovina,22,GK,Martin Zlomislić,Martin ZLOMISLIĆ,1998-08-16,HNK Rijeka (CRO),,Q83795769,Martin Zlomislić,Bosnian footballer,Martin Zlomislić,none,wikidata-match-without-zh-label
BIH,Bosnia And Herzegovina,24,DF,Arjan Malić,Arjan MALIĆ,2005-08-28,SK Sturm Graz (AUT),,Q121028932,Arjan Malić,Bosnian association football player,Arjan Malić,none,wikidata-match-without-zh-label
BIH,Bosnia And Herzegovina,26,MF,Ermin Mahmić,Ermin MAHMIĆ,2005-03-14,FC Slovan Liberec (CZE),,Q123139564,Ermin Mahmić,奥地利男子足球运动员,Ermin Mahmić,none,wikidata-match-without-zh-label
BRA,Brazil,1,GK,Álisson Becker,Álisson Ramsés BECKER,1992-10-02,Liverpool FC (ENG),,,,,,none,no-wikidata-match
BRA,Brazil,2,MF,Éderson Dos Santos Lourenço Da Silva,Éderson José DOS SANTOS LOURENÇO DA SILVA,1999-07-07,Atalanta Bergamo (ITA),,,,,,none,no-wikidata-match
BRA,Brazil,3,DF,Gabriel Dos Santos Magalhães,Gabriel DOS SANTOS MAGALHÃES,1997-12-19,Arsenal FC (ENG),,,,,,none,no-wikidata-match
BRA,Brazil,15,DF,Leonardo Pereira,Leonardo PEREIRA,1996-01-31,CR Flamengo (BRA),,Q18199184,Léo Pereira,巴西的足球運動員,Léo Pereira,none,wikidata-match-without-zh-label
BRA,Brazil,18,MF,Danilo Dos Santos De Oliveira,Danilo DOS SANTOS DE OLIVEIRA,2001-04-29,Botafogo (BRA),,,,,,none,no-wikidata-match
BRA,Brazil,26,FW,Rayan Simplicio Rocha,Rayan Vitor SIMPLICIO ROCHA,2006-08-03,AFC Bournemouth (ENG),,Q115937989,Rayan,巴西男子足球运动员,Rayan,none,wikidata-match-without-zh-label
CPV,Cabo Verde,3,DF,Edilson Monteiro Sanches Borges,Edilson Alberto MONTEIRO SANCHES BORGES,1995-01-17,Al Bataeh Club (UAE),,,,,,none,no-wikidata-match
CPV,Cabo Verde,4,DF,Roberto Lopes,Roberto Carlos LOPES,1992-06-17,Shamrock Rovers FC (IRL),,Q85797565,Roberto Lopes,Irish-Cape Verdean footballer,Roberto Lopes,none,wikidata-match-without-zh-label
CPV,Cabo Verde,5,DF,Logan Costa,Logan Evans COSTA,2001-04-01,Villarreal CF (ESP),,Q110184199,Logan Costa,Cape Verdean association football player (born 2001),Logan Costa,none,wikidata-match-without-zh-label
CPV,Cabo Verde,6,MF,Kevin Gonçalves Pereira De Pina,Kevin Lenini GONÇALVES PEREIRA DE PINA,1997-01-27,FC Krasnodar (RUS),,,,,,none,no-wikidata-match
CPV,Cabo Verde,7,MF,Jovane Borges Cabral,Jovane Eduardo BORGES CABRAL,1998-06-14,CF Estrela Da Amadora (POR),,,,,,none,no-wikidata-match
CPV,Cabo Verde,8,MF,João Moreira Fernandes,João Paulo MOREIRA FERNANDES,1998-05-26,FC FCSB (ROU),,Q107334828,João Paulo Fernandes,Cape Verdean footballer,João Paulo,none,wikidata-match-without-zh-label
CPV,Cabo Verde,9,FW,Gilson Benchimol Tavares,Gilson BENCHIMOL TAVARES,2001-12-29,FC Akron Tolyatti (RUS),,Q105939150,Gilson Benchimol,Cape Verdean association football player,Gilson Benchimol,none,wikidata-match-without-zh-label
CPV,Cabo Verde,10,MF,Jamiro Monteiro Alvarenga,Jamiro Gregory MONTEIRO ALVARENGA,1993-11-23,PEC Zwolle (NED),,Q23541080,Jamiro Monteiro,Cape Verdean footballer,Jamiro Monteiro,none,wikidata-match-without-zh-label
CPV,Cabo Verde,12,GK,Márcio Brazão Da Rosa,Márcio Salomão BRAZÃO DA ROSA,1997-02-23,PFC Montana (BUL),,,,,,none,no-wikidata-match
CPV,Cabo Verde,13,DF,Sidny Lopes Cabral,Sidny LOPES CABRAL,2002-09-18,SL Benca (POR),,Q124382289,Sidny Lopes Cabral,Cape Verdean footballer (born 2002),Sidny Lopes Cabral,none,wikidata-match-without-zh-label
CPV,Cabo Verde,14,MF,Deroy D'encarnação Duarte,Deroy D'ENCARNAÇÃO DUARTE,1999-07-04,PFC Ludogorets Razgrad (BUL),,,,,,none,no-wikidata-match
CPV,Cabo Verde,15,MF,Laros D'encarnação Duarte,Laros Michael D'ENCARNAÇÃO DUARTE,1997-02-28,Puskás Akadémia FC (HUN),,,,,,none,no-wikidata-match
CPV,Cabo Verde,16,MF,Jair Semedo Monteiro,Jair SEMEDO MONTEIRO,1995-12-29,SC Farense (POR),,,,,,none,no-wikidata-match
CPV,Cabo Verde,17,MF,Willy Semedo Afonso,Willy Johnson SEMEDO AFONSO,1994-04-27,AC Omonia (CYP),,Q44821118,Willy Semedo,French and Cape Verdean association football player,Willy Semedo,none,wikidata-match-without-zh-label
CPV,Cabo Verde,18,MF,Telmo Gomes Arcanjo,Telmo Emanuel GOMES ARCANJO,2001-06-21,Vitória SC (POR),,Q97580948,Telmo Arcanjo,葡萄牙男子足球运动员,Telmo Arcanjo,none,wikidata-match-without-zh-label
CPV,Cabo Verde,19,FW,Dailon Rocha Livramento,Dailon ROCHA LIVRAMENTO,2001-05-04,Casa Pia AC (POR),,Q110943455,Dailon Livramento,Cape Verdean footballer,Dailon Livramento,none,wikidata-match-without-zh-label
CPV,Cabo Verde,20,FW,Ryan Da Graca Mendes,Ryan Isaac DA GRACA MENDES,1990-01-08,Iğdır FK (TUR),,,,,,none,no-wikidata-match
CPV,Cabo Verde,22,DF,Steven Moreira,Steven MOREIRA,1994-08-13,Columbus Crew (USA),,Q14371131,Steven Moreira,Cape Verdean and French footballer,Steven Moreira,none,wikidata-match-without-zh-label
CPV,Cabo Verde,23,GK,Carlos Antunes Dos Santos,Carlos Joaquim ANTUNES DOS SANTOS,2000-08-24,San Diego FC (USA),,,,,,none,no-wikidata-match
CPV,Cabo Verde,24,DF,Wagner Cardoso De Pina,Wagner Fabricio CARDOSO DE PINA,2002-11-03,Trabzonspor (TUR),,,,,,none,no-wikidata-match
CPV,Cabo Verde,25,DF,Kelvin Spencer Pires,Kelvin SPENCER PIRES,2000-06-05,SJK (FIN),,,,,,none,no-wikidata-match
CPV,Cabo Verde,26,MF,Hélio Oliveira Alves Varela,Hélio Sandro OLIVEIRA ALVES VARELA,2002-05-03,Maccabi Tel-Aviv FC (ISR),,,,,,none,no-wikidata-match
CAN,Canada,3,DF,Ale Jones,Ale Charles JONES,1997-10-07,Middlesbrough FC (ENG),,Q97766936,Jones,英国女子足球运动员,Jones,none,wikidata-match-without-zh-label
CAN,Canada,4,DF,Luc Rollet De Fougerolles,Luc ROLLET DE FOUGEROLLES,2005-10-12,FCV Dender EH (BEL),,,,,,none,no-wikidata-match
CAN,Canada,7,MF,Stephen Eustaquio,Stephen EUSTAQUIO,1996-12-21,LAFC (USA),,,,,,none,no-wikidata-match
CAN,Canada,8,MF,Ismaël Kone,Ismaël Kenneth Jordan KONE,2002-06-16,US Sassuolo (ITA),,,,,,none,no-wikidata-match
CAN,Canada,18,GK,Owen Goodman,Owen Olamidayo GOODMAN,2003-11-27,Barnsley (ENG),,Q119079226,Owen Goodman,Canadian soccer player,Owen Goodman,none,wikidata-match-without-zh-label
CAN,Canada,25,MF,Nathan-Dylan Saliba,Nathan-Dylan SALIBA,2004-02-07,RSC Anderlecht (BEL),,,,,,none,no-wikidata-match
COL,Colombia,5,MF,Kevin Castaño Gil,Kevin Duvan CASTAÑO GIL,2000-09-29,CA River Plate (ARG),,Q117289166,Kevin Castaño,哥伦比亚男子足球运动员,Kevin Castaño Gil,none,wikidata-match-without-zh-label
COL,Colombia,6,MF,Richard Ríos Montoya,Richard RÍOS MONTOYA,2000-06-02,SL Benca (POR),,Q117322318,Richard Ríos,哥伦比亚男子足球运动员,Richard Ríos Montoya,none,wikidata-match-without-zh-label
COL,Colombia,7,FW,Luis Díaz Marulanda,Luis Fernando DÍAZ MARULANDA,1997-01-13,FC Bayern München (GER),,,,,,none,no-wikidata-match
COL,Colombia,8,MF,Jorge Carrascal Guardo,Jorge Andres CARRASCAL GUARDO,1998-05-25,CR Flamengo (BRA),,Q19362872,Jorge Carrascal,哥伦比亚男子足球运动员,Jorge Carrascal,none,wikidata-match-without-zh-label
COL,Colombia,15,MF,Juan Portilla Orozco,Juan Camilo PORTILLA OROZCO,1998-09-12,Athletico Paranaense (BRA),,Q118593930,Juan Portilla,Colombian footballer,Juan Portilla,none,wikidata-match-without-zh-label
COL,Colombia,18,DF,Willer Ditta Perez,Willer Emilio DITTA PEREZ,1998-01-23,CF Cruz Azul (MEX),,,,,,none,no-wikidata-match
COL,Colombia,19,FW,Juan Hernandez Suarez,Juan Camilo HERNANDEZ SUAREZ,1999-04-20,Real Betis (ESP),,,,,,none,no-wikidata-match
COL,Colombia,22,DF,Deiver Machado Mena,Deiver MACHADO MENA,1993-09-02,FC Nantes (FRA),,,,,,none,no-wikidata-match
COL,Colombia,23,DF,Davinson Sánchez Mina,Davinson SÁNCHEZ MINA,1996-06-12,Galatasaray SK (TUR),,,,,,none,no-wikidata-match
COL,Colombia,25,FW,Luis Suárez Charris,Luis Javier SUÁREZ CHARRIS,1997-12-02,Sporting CP (POR),,,,,,none,no-wikidata-match
COL,Colombia,26,FW,Carlos Gómez Hinestroza,Carlos Andrés GÓMEZ HINESTROZA,2002-09-12,CR Vasco Da Gama (BRA),,,,,,none,no-wikidata-match
COD,Congo DR,1,GK,Lionel Mpasi,Lionel Nzau MPASI,1994-08-01,Le Havre AC (FRA),,,,,,none,no-wikidata-match
COD,Congo DR,2,DF,Wan Bissaka,Wan BISSAKA,1997-11-26,West Ham United FC (ENG),,,,,,none,no-wikidata-match
COD,Congo DR,3,DF,Steve Kapuadi,Steve Nkanu KAPUADI,1998-04-30,Widzew Łódź (POL),,,,,,none,no-wikidata-match
COD,Congo DR,4,DF,Axel Tuanzebe,Axel TUANZEBE,1997-11-14,Burnley FC (ENG),,,,,,none,no-wikidata-match
COD,Congo DR,5,DF,Dylan Batubinsika,Dylan Buduka BATUBINSIKA,1996-02-15,AEL FC (GRE),,,,,,none,no-wikidata-match
COD,Congo DR,6,MF,Ngal’ayel Mukau,Ngal’ayel MUKAU,2004-11-03,Lille OSC (FRA),,,,,,none,no-wikidata-match
COD,Congo DR,7,MF,Nathanaël Mbuku,Nathanaël MBUKU,2002-03-16,Montpellier HSC (FRA),,,,,,none,no-wikidata-match
COD,Congo DR,8,MF,Samuel Moutoussamy,Samuel Alain MOUTOUSSAMY,1996-08-12,Atromitos FC (GRE),,,,,,none,no-wikidata-match
COD,Congo DR,9,FW,Kibambe Cipenga,Kibambe Brian CIPENGA,1998-03-11,CD Castellón (ESP),,,,,,none,no-wikidata-match
COD,Congo DR,10,MF,Theo Bongonda,Theo Mbulofeko Batombo BONGONDA,1995-11-20,FC Spartak Moscow (RUS),,,,,,none,no-wikidata-match
COD,Congo DR,11,FW,Mambenga Kakuta,Mambenga Gaël Roméo KAKUTA,1991-06-21,AEL FC (GRE),,,,,,none,no-wikidata-match
COD,Congo DR,12,DF,Joris Kayembe-Ditu,Joris KAYEMBE-DITU,1994-08-08,KRC Genk (BEL),,,,,,none,no-wikidata-match
COD,Congo DR,13,FW,Meschack Elia,Meschack Lina ELIA,1997-08-06,Alanyaspor (TUR),,,,,,none,no-wikidata-match
COD,Congo DR,14,MF,Noah Sadiki,Noah Junior SADIKI,2004-12-17,Sunderland AFC (ENG),,,,,,none,no-wikidata-match
COD,Congo DR,15,MF,Tshibola Aaron,Tshibola AARON,1995-01-02,Kilmarnock FC (SCO),,,,,,none,no-wikidata-match
COD,Congo DR,16,GK,Timothy Fayulu,Timothy Bruce Munzoko FAYULU,1999-07-24,FC Noah (ARM),,,,,,none,no-wikidata-match
COD,Congo DR,17,FW,Cedric Bakambu,Cedric BAKAMBU,1991-04-11,Real Betis (ESP),,,,,,none,no-wikidata-match
COD,Congo DR,18,MF,Charles Pickel,Charles Monginda PICKEL,1997-05-15,RCD Espanyol (ESP),,,,,,none,no-wikidata-match
COD,Congo DR,19,FW,Mayele Kalala,Mayele Fiston KALALA,1994-06-24,Pyramids FC (EGY),,Q117287348,Fiston Mayele,Congolese association football player,Fiston Mayele,none,wikidata-match-without-zh-label
COD,Congo DR,21,GK,Matthieu Epolo,Matthieu Luka EPOLO,2005-01-15,Standard Liège (BEL),,Q113628776,Matthieu Epolo,比利时男子足球运动员,Matthieu Epolo,none,wikidata-match-without-zh-label
CIV,Côte D'Ivoire,8,MF,Franck Kessie,Franck Yannick KESSIE,1996-12-19,Al Ahli FC (KSA),,,,,,none,no-wikidata-match
CIV,Côte D'Ivoire,13,DF,Christopher Operi,Christopher Tea Domoraud OPERI,1997-04-29,Başakşehir FK (TUR),,,,,,none,no-wikidata-match
CIV,Côte D'Ivoire,14,FW,Oumar Diakite,Oumar DIAKITE,2003-12-20,Cercle Brugge (BEL),,,,,,none,no-wikidata-match
CIV,Côte D'Ivoire,15,FW,Amad Diallo,Amad DIALLO,2002-07-11,Manchester United FC (ENG),,,,,,none,no-wikidata-match
CIV,Côte D'Ivoire,16,GK,Mohamed Kone,Mohamed KONE,2002-03-07,Sporting Charleroi (BEL),,,,,,none,no-wikidata-match
CIV,Côte D'Ivoire,17,DF,Guela Doue,Guela Maho-Lewis DOUE,2002-10-17,RC Strasbourg (FRA),,,,,,none,no-wikidata-match
CIV,Côte D'Ivoire,18,MF,Ibrahim Sangare,Ibrahim SANGARE,1997-12-02,Nottingham Forest FC (ENG),,,,,,none,no-wikidata-match
CIV,Côte D'Ivoire,19,FW,Nicolas Pepe,Nicolas PEPE,1995-05-29,Villarreal CF (ESP),,Q10348420,Pepe,Fictional association football player,Pepe,none,wikidata-match-without-zh-label
CIV,Côte D'Ivoire,24,FW,Bazoumana Toure,Bazoumana TOURE,2006-03-02,TSG Hoffenheim (GER),,,,,,none,no-wikidata-match
CIV,Côte D'Ivoire,25,MF,Parfait Guiagon,Parfait GUIAGON,2001-02-22,Sporting Charleroi (BEL),,Q97577478,Parfait Guiagon,Ivorian footballer,Parfait Guiagon,none,wikidata-match-without-zh-label
CIV,Côte D'Ivoire,26,MF,Christ Oulai,Christ Ravynel Inao OULAI,2006-04-06,Trabzonspor (TUR),,,,,,none,no-wikidata-match
CUW,Curaçao,3,DF,Juriën Gaari,Juriën Godfried Juan GAARI,1993-12-23,Abha Club (KSA),,Q32666318,Juriën Gaari,Curaçaoan association football player,Juriën Gaari,none,wikidata-match-without-zh-label
CUW,Curaçao,4,DF,Róshón Van Eijma,Róshón Felix Romar Jordan VAN EIJMA,1998-06-09,RKC Waalwijk (NED),,,,,,none,no-wikidata-match
CUW,Curaçao,5,DF,Sherel Floranus,Sherel Constancio FLORANUS,1998-08-23,PEC Zwolle (NED),,Q20972384,Sherel Floranus,Curaçaoan footballer,Sherel Floranus,none,wikidata-match-without-zh-label
CUW,Curaçao,6,MF,Godfried Roemeratoe,Godfried ROEMERATOE,1999-08-19,RKC Waalwijk (NED),,Q60047739,Godfried Roemeratoe,Curaçaoan footballer,Godfried Roemeratoe,none,wikidata-match-without-zh-label
CUW,Curaçao,8,MF,Livano Comenencia,Livano Shyron Liomar COMENENCIA,2004-02-03,FC Zürich (SUI),,Q108800542,Livano Comenencia,Curaçaoan footballer,Livano Comenencia,none,wikidata-match-without-zh-label
CUW,Curaçao,11,FW,Jeremy Antonisse,Jeremy Cornelis Jacobus ANTONISSE,2002-03-29,AE Kisia FC (GRE),,Q104531012,Jeremy Antonisse,Curaçaoan footballer,Jeremy Antonisse,none,wikidata-match-without-zh-label
CUW,Curaçao,12,FW,Misjonne Hansen,Misjonne Juniffer Naigelino HANSEN,2002-05-18,Middlesbrough FC (ENG),,,,,,none,no-wikidata-match
CUW,Curaçao,13,FW,Tyrese Noslin,Tyrese Yurvencey NOSLIN,2002-09-11,SC Telstar (NED),,,,,,none,no-wikidata-match
CUW,Curaçao,14,FW,Kenji Gorré,Kenji Joël GORRÉ,1994-09-29,Maccabi Haifa FC (ISR),,,,,,none,no-wikidata-match
CUW,Curaçao,15,MF,Ar'jany Martha,Ar'jany Jainel Archenir MARTHA,2003-09-04,Rotherham United FC (ENG),,,,,,none,no-wikidata-match
CUW,Curaçao,16,FW,Jearl Margaritha,Jearl Erwin MARGARITHA,2000-04-10,SK Beveren (BEL),,,,,,none,no-wikidata-match
CUW,Curaçao,17,FW,Brandley Kuwas,Brandley Mack-Olien KUWAS,1992-09-19,FC Volendam (NED),,,,,,none,no-wikidata-match
CUW,Curaçao,18,DF,Armando Obispo,Armando Maria OBISPO,1999-03-05,PSV Eindhoven (NED),,,,,,none,no-wikidata-match
CUW,Curaçao,19,FW,Gervane Kastaneer,Gervane Zjandric Adonnis KASTANEER,1996-06-09,Terengganu FC (MAS),,,,,,none,no-wikidata-match
CUW,Curaçao,20,DF,Joshua Brenet,Joshua Benjamin BRENET,1994-03-20,Kayserispor (TUR),,,,,,none,no-wikidata-match
CUW,Curaçao,21,MF,Tahith Chong,Tahith Jose Girigorio Djorkaef CHONG,1999-12-04,Sheeld United FC (ENG),,,,,,none,no-wikidata-match
CUW,Curaçao,22,MF,Kevin Felida,Kevin Antonio FELIDA,1999-11-11,FC Den Bosch (NED),,,,,,none,no-wikidata-match
CUW,Curaçao,23,DF,Riechedly Bazoer,Riechedly Guillermo BAZOER,1996-10-12,Konyaspor (TUR),,,,,,none,no-wikidata-match
CUW,Curaçao,24,DF,Deveron Fonville,Deveron Lenny FONVILLE,2003-05-16,NEC Nijmegen (NED),,,,,,none,no-wikidata-match
CUW,Curaçao,25,GK,Tyrick Bodak,Tyrick Jeremy BODAK,2002-05-15,SC Telstar (NED),,,,,,none,no-wikidata-match
CUW,Curaçao,26,GK,Trevor Doornbusch,Trevor Irving DOORNBUSCH,1999-07-06,VVV Venlo (NED),,,,,,none,no-wikidata-match
CZE,Czechia,1,GK,Matěj Kovář,Matěj KOVÁŘ,2000-05-17,PSV Eindhoven (NED),,,,,,none,no-wikidata-match
CZE,Czechia,2,DF,David Zima,David ZIMA,2000-11-08,SK Slavia Praha (CZE),,,,,,none,no-wikidata-match
CZE,Czechia,3,DF,Tomáš Holeš,Tomáš HOLEŠ,1993-03-31,SK Slavia Praha (CZE),,,,,,none,no-wikidata-match
CZE,Czechia,4,DF,Robin Hranáč,Robin HRANÁČ,2000-01-29,TSG Hoffenheim (GER),,,,,,none,no-wikidata-match
CZE,Czechia,5,DF,Vladimír Coufal,Vladimír COUFAL,1992-08-22,TSG Hoffenheim (GER),,,,,,none,no-wikidata-match
CZE,Czechia,6,DF,Štěpán Chaloupek,Štěpán CHALOUPEK,2003-03-08,SK Slavia Praha (CZE),,,,,,none,no-wikidata-match
CZE,Czechia,7,DF,Ladislav Krejčí,Ladislav KREJČÍ,1999-04-20,Wolverhampton Wanderers FC (ENG),,,,,,none,no-wikidata-match
CZE,Czechia,8,MF,Vladimír Darida,Vladimír DARIDA,1990-08-08,FC Hradec Králové (CZE),,,,,,none,no-wikidata-match
CZE,Czechia,9,FW,Adam Hložek,Adam HLOŽEK,2002-07-25,TSG Hoffenheim (GER),,,,,,none,no-wikidata-match
CZE,Czechia,12,MF,Lukáš Červ,Lukáš ČERV,2001-04-10,FC Viktoria Plzeň (CZE),,Q97312966,Lukáš Červ,捷克男子足球运动员,Lukáš Červ,none,wikidata-match-without-zh-label
CZE,Czechia,13,FW,Mojmír Chytil,Mojmír CHYTIL,1999-04-29,SK Slavia Praha (CZE),,Q104488728,Mojmír Chytil,捷克男子足球运动员,Mojmír Chytil,none,wikidata-match-without-zh-label
CZE,Czechia,15,FW,Pavel Šulc,Pavel ŠULC,2000-12-29,Olympique Lyonnais (FRA),,,,,,none,no-wikidata-match
CZE,Czechia,20,DF,Jaroslav Zelený,Jaroslav ZELENÝ,1992-08-20,AC Sparta Praha (CZE),,Q6160707,Jaroslav Zelený,捷克男子足球运动员,Jaroslav Zelený,none,wikidata-match-without-zh-label
CZE,Czechia,24,MF,Alexandr Sojka,Alexandr SOJKA,2003-04-02,FC Viktoria Plzeň (CZE),,Q131432595,Alexandr Sojka,footballer,Alexandr Sojka,none,wikidata-match-without-zh-label
CZE,Czechia,25,MF,Hugo Sochůrek,Hugo SOCHŮREK,2008-06-07,AC Sparta Praha (CZE),,Q138757935,Hugo Sochůrek,Czech association football player,Hugo Sochůrek,none,wikidata-match-without-zh-label
ECU,Ecuador,3,DF,Piero Hincapié Reyna,Piero Martin HINCAPIÉ REYNA,2002-01-09,Arsenal FC (ENG),,,,,,none,no-wikidata-match
ECU,Ecuador,4,DF,Joel Ordóñez Guerrero,Joel Leandro ORDÓÑEZ GUERRERO,2004-04-21,Club Brugge (BEL),,Q113390994,Joel Ordóñez,厄瓜多尔男子足球运动员,Joel Ordóñez,none,wikidata-match-without-zh-label
ECU,Ecuador,5,MF,Jordy Alcívar Macías,Jordy Jose ALCÍVAR MACÍAS,1999-08-05,Independiente Del Valle (ECU),,,,,,none,no-wikidata-match
ECU,Ecuador,8,MF,Anthony Valencia Bajaña,Anthony Lenin VALENCIA BAJAÑA,2003-07-21,Royal Antwerp FC (BEL),,Q101247266,Anthony Valencia,厄瓜多尔男子足球运动员,Anthony Valencia,none,wikidata-match-without-zh-label
ECU,Ecuador,9,FW,John Yeboah Zamora,John YEBOAH ZAMORA,2000-06-23,Venezia FC (ITA),,Q58215731,John Yeboah,Ecuadorian association football player (born 2000),John Yeboah,none,wikidata-match-without-zh-label
ECU,Ecuador,10,MF,Ray Paez Andrade,Ray Kendry PAEZ ANDRADE,2007-05-04,CA River Plate (ARG),,,,,,none,no-wikidata-match
ECU,Ecuador,11,FW,Kevin Rodríguez Cortez,Kevin Jose RODRÍGUEZ CORTEZ,2000-03-04,Royale Union Saint-Gilloise (BEL),,,,,,none,no-wikidata-match
ECU,Ecuador,12,GK,Wellington Ramírez Preciado,Wellington Moisés RAMÍREZ PRECIADO,2000-09-09,AE Kisia FC (GRE),,,,,,none,no-wikidata-match
ECU,Ecuador,14,MF,Alan Minda Garcia,Alan Steve MINDA GARCIA,2003-05-14,Atlético Mineiro (BRA),,Q116054089,Alan Minda,厄瓜多尔男子足球运动员,Alan Minda,none,wikidata-match-without-zh-label
ECU,Ecuador,15,MF,Pedro Vite Uca,Pedro Jeampierre VITE UCA,2002-03-09,Pumas UNAM (MEX),,Q105920173,Pedro Vite,厄瓜多尔男子足球运动员,Pedro Vite,none,wikidata-match-without-zh-label
ECU,Ecuador,17,DF,Ángelo Preciado Quiñonez,Ángelo Smit PRECIADO QUIÑONEZ,1998-02-18,Atlético Mineiro (BRA),,,,,,none,no-wikidata-match
ECU,Ecuador,18,MF,Denil Castillo Preciado,Denil Daniel CASTILLO PRECIADO,2004-03-24,FC Midtjylland (DEN),,Q117835987,Denil Castillo,厄瓜多尔男子足球运动员,Denil Castillo,none,wikidata-match-without-zh-label
ECU,Ecuador,22,GK,Gonzalo Valle Bustamante,Gonzalo Roberto VALLE BUSTAMANTE,1996-02-28,LDU Quito (ECU),,Q87119732,Gonzalo Valle,厄瓜多尔男子足球运动员,Gonzalo Valle,none,wikidata-match-without-zh-label
ECU,Ecuador,23,MF,Moisés Caicedo Corozo,Moisés Isaac CAICEDO COROZO,2001-11-02,Chelsea FC (ENG),,,,,,none,no-wikidata-match
ECU,Ecuador,24,FW,Jeremy Arevalo Mera,Jeremy Alberto AREVALO MERA,2005-03-19,VfB Stuttgart (GER),,,,,,none,no-wikidata-match
ECU,Ecuador,26,DF,Yaimar Medina Ortiz,Yaimar Abel MEDINA ORTIZ,2004-11-05,KRC Genk (BEL),,Q116235098,Yaimar Medina,厄瓜多尔男子足球运动员,Yaimar Medina,none,wikidata-match-without-zh-label
EGY,Egypt,1,GK,Mohamed Elshenawy Gomaa,Mohamed Elsayed Mohamed ELSHENAWY GOMAA,1988-12-18,Al Ahly FC (EGY),,,,,,none,no-wikidata-match
EGY,Egypt,2,DF,Yasser Elhanafy,Yasser Ahmed Ibrahim ELHANAFY,1993-02-10,Al Ahly FC (EGY),,,,,,none,no-wikidata-match
EGY,Egypt,3,DF,Mohamed Eldemerdash,Mohamed Hany Gamal ELDEMERDASH,1996-02-02,Al Ahly FC (EGY),,,,,,none,no-wikidata-match
EGY,Egypt,4,DF,Hossam Abdelmegeed,Hossam Abdelmegeed Abdelsalam ABDELMEGEED,2001-04-30,Zamalek SC (EGY),,,,,,none,no-wikidata-match
EGY,Egypt,5,DF,Ramy Rabia,Ramy Hisham Abdelaziz Moustafa RABIA,1993-05-20,Al Ain FC (UAE),,Q501274,Ramy Rabia,埃及足球运动员,Ramy Rabia,none,wikidata-match-without-zh-label
EGY,Egypt,6,DF,Mohamed Ahmed,Mohamed Abdelmoneim Elsayed M AHMED,1999-02-01,OGC Nice (FRA),,,,,,none,no-wikidata-match
EGY,Egypt,7,FW,Mahmoud Hassan,Mahmoud Ahmed Ibrahim HASSAN,1994-10-01,Al Ahly FC (EGY),,,,,,none,no-wikidata-match
EGY,Egypt,8,MF,Emam Abdelghany,Emam Ashour Metwaly ABDELGHANY,1998-02-20,Al Ahly FC (EGY),,,,,,none,no-wikidata-match
EGY,Egypt,9,FW,Hamza Selim,Hamza Mohamed Abdelkarim E SELIM,2008-01-01,FC Barcelona (ESP),,Q134513932,Hamza Abdelkarim,Egyptian footballer (born 2008),Hamza Abdelkarim,none,wikidata-match-without-zh-label
EGY,Egypt,10,FW,Mohamed Ghaly,Mohamed Salah Hamed Mahrous GHALY,1992-06-15,Liverpool FC (ENG),,,,,,none,no-wikidata-match
EGY,Egypt,11,MF,Mostafa Abdelraouf,Mostafa Mohamed Zaky ABDELRAOUF,1997-04-27,Pyramids FC (EGY),,,,,,none,no-wikidata-match
EGY,Egypt,12,FW,Haissem Hassan,Haissem Yousry Fouad A HASSAN,2002-02-08,Real Oviedo (ESP),,Q58303188,Haissem Hassan,French-Egyptian-Tunisian association football player,Haissem Hassan,none,wikidata-match-without-zh-label
EGY,Egypt,13,DF,Ahmed Mohamed,Ahmed Mohamed Aboelfetouh MOHAMED,1998-03-22,Zamalek SC (EGY),,,,,,none,no-wikidata-match
EGY,Egypt,14,MF,Hamdy Abdelfattah,Hamdy Fathy Abdelhalim ABDELFATTAH,1994-09-29,Al Wakrah SC (QAT),,,,,,none,no-wikidata-match
EGY,Egypt,15,DF,Karim Seifeldin,Karim Hafez Ramadan SEIFELDIN,1996-03-12,Pyramids FC (EGY),,,,,,none,no-wikidata-match
EGY,Egypt,16,GK,Mahdy Ibrahim,Mahdy Mohamed Soliman IBRAHIM,1987-06-08,Zamalek SC (EGY),,,,,,none,no-wikidata-match
EGY,Egypt,17,MF,Mohanad Lashin,Mohanad Mostafa Ahmed A LASHIN,1996-05-29,Pyramids FC (EGY),,,,,,none,no-wikidata-match
EGY,Egypt,18,MF,Nabil Aly,Nabil Emad Aly Elmahdy ALY,1996-04-06,Al Najmah SC (KSA),,,,,,none,no-wikidata-match
EGY,Egypt,19,MF,Marawan Ghallab,Marawan Attia Fahim GHALLAB,1998-08-01,Al Ahly FC (EGY),,,,,,none,no-wikidata-match
EGY,Egypt,20,FW,Ibrahim Hassan,Ibrahim Adel Aly Mohamed HASSAN,2001-04-23,FC Nordsjælland (DEN),,,,,,none,no-wikidata-match
EGY,Egypt,21,MF,Mahmoud Abdelmohsen,Mahmoud Saber Abdelmohsen H ABDELMOHSEN,2001-07-30,ZED FC (EGY),,,,,,none,no-wikidata-match
EGY,Egypt,23,GK,Mostafa Shoubir,Mostafa Ahmed Abdelaziz Mohame SHOUBIR,2000-05-15,Al Ahly FC (EGY),,,,,,none,no-wikidata-match
EGY,Egypt,24,DF,Tarek Elgebaly,Tarek Alaa Abdelghaffar Abdel ELGEBALY,2002-01-05,ZED FC (EGY),,,,,,none,no-wikidata-match
EGY,Egypt,26,GK,Mohamed Ahmed,Mohamed Alaaeldin Soliman M AHMED,1999-01-01,El Gouna FC (EGY),,,,,,none,no-wikidata-match
ENG,England,3,DF,Nico O'reilly,Nico O'REILLY,2005-03-21,Manchester City FC (ENG),,,,,,none,no-wikidata-match
ENG,England,6,DF,Addji Guehi,Addji Keaninkin Marc-Isreal GUEHI,2000-07-13,Manchester City FC (ENG),,,,,,none,no-wikidata-match
FRA,France,5,DF,Jules Kounde,Jules Olivier KOUNDE,1998-11-12,FC Barcelona (ESP),,,,,,none,no-wikidata-match
FRA,France,6,MF,Kouadio Kone,Kouadio Emmanuel Boris KONE,2001-05-17,AS Roma (ITA),,,,,,none,no-wikidata-match
FRA,France,7,FW,Masour Dembele,Masour Ousmane DEMBELE,1997-05-15,Paris Saint-Germain (FRA),,,,,,none,no-wikidata-match
FRA,France,8,MF,Aurélien Tchouameni,Aurélien Djani TCHOUAMENI,2000-01-27,Real Madrid C. F. (ESP),,,,,,none,no-wikidata-match
FRA,France,13,MF,N'golo Kante,N'golo KANTE,1991-03-29,Fenerbahçe SK (TUR),,,,,,none,no-wikidata-match
FRA,France,20,FW,Désiré Doue,Désiré Nonka-Maho DOUE,2005-06-03,Paris Saint-Germain (FRA),,,,,,none,no-wikidata-match
GER,Germany,18,DF,Nathaniel Brown,Nathaniel Christopher BROWN,2003-06-16,Eintracht Frankfurt (GER),,,,,,none,no-wikidata-match
GER,Germany,23,MF,Felix Nmecha,Felix Kalu NMECHA,2000-10-10,Borussia Dortmund (GER),,,,,,none,no-wikidata-match
GER,Germany,25,MF,Forzan Ouédraogo,Forzan Assan OUÉDRAOGO,2006-05-09,RB Leipzig (GER),,,,,,none,no-wikidata-match
GHA,Ghana,1,GK,Lawrence Zigi,Lawrence Ati ZIGI,1996-11-29,FC St. Gallen (SUI),,,,,,none,no-wikidata-match
GHA,Ghana,3,MF,Caleb Yirenkyi,Caleb Marfo YIRENKYI,2006-01-15,FC Nordsjælland (DEN),,Q130337999,Caleb Yirenkyi,Ghanaian footballer,Caleb Yirenkyi,none,wikidata-match-without-zh-label
GHA,Ghana,4,DF,Jonas Adjetey,Jonas Adjei ADJETEY,2003-12-13,VfL Wolfsburg (GER),,Q124045019,Jonas Adjetey,Ghanaian footballer,Jonas Adjetey,none,wikidata-match-without-zh-label
GHA,Ghana,6,DF,Abdul Suleman,Abdul Mumin SULEMAN,1998-06-06,Rayo Vallecano (ESP),,Q27064119,Abdul Mumin,Ghanaian association football player,Abdul Mumin,none,wikidata-match-without-zh-label
GHA,Ghana,7,FW,Abdul Issahaku,Abdul Fatawu ISSAHAKU,2004-03-08,Leicester City FC (ENG),,,,,,none,no-wikidata-match
GHA,Ghana,8,MF,Kwasi Sibo,Kwasi SIBO,1998-06-24,Real Oviedo (ESP),,Q66370589,Kwasi Sibo,Ghanaian association football player,Kwasi Sibo,none,wikidata-match-without-zh-label
GHA,Ghana,13,FW,Christopher Baah,Christopher Bonsu BAAH,2004-12-14,Al Qadsiah FC (KSA),,,,,,none,no-wikidata-match
GHA,Ghana,16,GK,Benjamin Asare,Benjamin ASARE,1992-07-13,Hearts Of Oak SC (GHA),,Q106212969,Benjamin Asare,Ghanaian association football player,Benjamin Asare,none,wikidata-match-without-zh-label
GHA,Ghana,18,DF,Jerome Opoku,Jerome OPOKU,1998-10-14,Başakşehir FK (TUR),,Q67905022,Jerome Opoku,英国男子足球运动员,Jerome Opoku,none,wikidata-match-without-zh-label
GHA,Ghana,19,FW,Inaki Williams Arthuer,Inaki WILLIAMS ARTHUER,1994-06-15,Athletic Club (ESP),,,,,,none,no-wikidata-match
GHA,Ghana,20,MF,Augustine Boakye,Augustine BOAKYE,2000-11-03,AS Saint-Etienne (FRA),,Q90307470,Augustine Boakye,Ghanaian footballer,Augustine Boakye,none,wikidata-match-without-zh-label
GHA,Ghana,21,DF,Kojo Oppong,Kojo Peprah OPPONG,2004-06-04,OGC Nice (FRA),,Q117848823,Kojo Oppong,Ghanaian association football player,Kojo Oppong,none,wikidata-match-without-zh-label
GHA,Ghana,25,FW,Prince Adu,Prince Kwabena ADU,2003-09-23,FC Viktoria Plzeň (CZE),,,,,,none,no-wikidata-match
GHA,Ghana,26,DF,Marvin Senaya,Marvin Elom SENAYA,2001-01-28,AJ Auxerre (FRA),,Q108606228,Marvin Senaya,法國足球運動員,Marvin Senaya,none,wikidata-match-without-zh-label
HAI,Haiti,1,GK,Johny Placide,Johny PLACIDE,1988-01-29,SC Bastia (FRA),,,,,,none,no-wikidata-match
HAI,Haiti,2,DF,Carlens Arcus,Carlens Jean Fedlaire Ruby ARCUS,1996-06-28,Angers SCO (FRA),,Q20740578,Carlens Arcus,Haitian footballer,Carlens Arcus,none,wikidata-match-without-zh-label
HAI,Haiti,3,DF,Keeto Thermoncy,Keeto THERMONCY,2006-03-29,BSC Young Boys (SUI),,Q136466749,Keeto Thermoncy,Haitian footballer,Keeto Thermoncy,none,wikidata-match-without-zh-label
HAI,Haiti,4,DF,Ricardo Ade,Ricardo ADE,1990-05-21,LDU Quito (ECU),,,,,,none,no-wikidata-match
HAI,Haiti,6,MF,Carl Sainte,Carl Fred SAINTE,2002-08-09,El Paso Locomotive FC (USA),,,,,,none,no-wikidata-match
HAI,Haiti,7,FW,Derrick Etienne Jr,Derrick Burckley ETIENNE JR,1996-11-25,Toronto FC (CAN),,,,,,none,no-wikidata-match
HAI,Haiti,8,DF,Martin Experience,Martin Yves Roberns Didier EXPERIENCE,1999-03-09,AS Nancy (FRA),,,,,,none,no-wikidata-match
HAI,Haiti,10,MF,Jean Bellegarde,Jean Ricner BELLEGARDE,1998-06-27,Wolverhampton Wanderers FC (ENG),,,,,,none,no-wikidata-match
HAI,Haiti,11,FW,Don Louicius,Don Deedson LOUICIUS,2001-02-11,FC Dallas (USA),,,,,,none,no-wikidata-match
HAI,Haiti,12,GK,Alexandre Pierre,Alexandre Jr PIERRE,2001-02-25,FC Sochaux-Montbéliard (FRA),,Q112623666,Alexandre Pierre,French-Haitian association football player,Alexandre Pierre,none,wikidata-match-without-zh-label
HAI,Haiti,13,DF,Markhus Lacroix,Markhus LACROIX,1993-10-14,Colorado Springs Switchbacks FC (USA),,,,,,none,no-wikidata-match
HAI,Haiti,14,DF,Garven-Michee Metusala,Garven-Michee METUSALA,1999-12-31,Colorado Springs Switchbacks FC (USA),,Q107370468,Garven Metusala,Haitian-Canadian soccer player,Garven Metusala,none,wikidata-match-without-zh-label
HAI,Haiti,15,FW,Ruben Providence,Ruben Fritzner PROVIDENCE,2001-07-07,Almere City FC (NED),,Q114355328,Ruben Providence,Haitian-French footballer,Ruben Providence,none,wikidata-match-without-zh-label
HAI,Haiti,16,FW,Lenny Joseph,Lenny Alvin Pico JOSEPH,2000-10-12,Ferencvárosi TC (HUN),,Q108000394,Lenny Joseph,法國足球運動員,Lenny Joseph,none,wikidata-match-without-zh-label
HAI,Haiti,19,FW,Yassin Fortune,Yassin Enzo FORTUNE,1999-01-30,FC Vizela (POR),,,,,,none,no-wikidata-match
HAI,Haiti,21,FW,Josue Casimir,Josue Jeremie CASIMIR,2001-09-24,AJ Auxerre (FRA),,,,,,none,no-wikidata-match
HAI,Haiti,22,DF,Jean-Kévin Duverne,Jean-Kévin DUVERNE,1997-07-12,KAA Gent (BEL),,Q26251605,Jean-Kévin Duverne,French-Haitian association football player,Jean-Kévin Duverne,none,wikidata-match-without-zh-label
HAI,Haiti,23,GK,Josue Duverger,Josue DUVERGER,2000-04-27,FC Cosmos Koblenz (GER),,,,,,none,no-wikidata-match
HAI,Haiti,24,DF,Wilguens Paugain,Wilguens Raphael Polynice PAUGAIN,2001-08-24,SV Zulte Waregem (BEL),,Q128210274,Wilguens Paugain,French association football player,Wilguens Paugain,none,wikidata-match-without-zh-label
HAI,Haiti,25,MF,Dominique Simon,Dominique Celidor SIMON,2000-07-29,FC Tatran Prešov (SVK),,Q124392516,Dominique Simon,法國足球運動員,Dominique Simon,none,wikidata-match-without-zh-label
HAI,Haiti,26,MF,Olivier Pierre,Olivier Woodensky PIERRE,2004-12-30,Violette AC (HAI),,Q139813358,Woodensky Pierre,Haitian footballer (born 2004),Woodensky Pierre,none,wikidata-match-without-zh-label
IRN,IR Iran,2,DF,Saleh Hardani Kherad,Saleh HARDANI KHERAD,1998-12-26,Esteghlal Tehran FC (IRN),,,,,,none,no-wikidata-match
IRN,IR Iran,3,DF,Ehsan Haji Safi,Ehsan HAJI SAFI,1990-02-25,Sepahan SC (IRN),,,,,,none,no-wikidata-match
IRN,IR Iran,6,MF,Saeid Ezatolahi Afagh,Saeid EZATOLAHI AFAGH,1996-10-01,Shabab Al Ahli Club (UAE),,,,,,none,no-wikidata-match
IRN,IR Iran,8,MF,Mohammad Mohebbi,Mohammad MOHEBBI,1998-12-20,FC Rostov (RUS),,,,,,none,no-wikidata-match
IRN,IR Iran,13,DF,Mohammadhossein Kanani Zadegan,Mohammadhossein KANANI ZADEGAN,1994-03-23,Persepolis FC (IRN),,,,,,none,no-wikidata-match
IRN,IR Iran,15,MF,Roozbeh Cheshmi,Roozbeh CHESHMI,1993-07-24,Esteghlal Tehran FC (IRN),,,,,,none,no-wikidata-match
IRN,IR Iran,17,DF,Arya Yousefi,Arya YOUSEFI,2002-04-22,Sepahan SC (IRN),,,,,,none,no-wikidata-match
IRN,IR Iran,18,FW,Amirhossein Hosseinzadehtazehgheshlagh,Amirhossein HOSSEINZADEHTAZEHGHESHLAGH,2000-10-30,Tractor Sazi Tabriz FC (IRN),,,,,,none,no-wikidata-match
IRN,IR Iran,19,DF,Ali Nemati,Ali NEMATI,1996-02-08,Foolad Khuzestan FC (IRN),,,,,,none,no-wikidata-match
IRN,IR Iran,20,FW,Shahriyar Moghanloo,Shahriyar MOGHANLOO,1994-12-21,Al Ittihad Kalba SCC (UAE),,,,,,none,no-wikidata-match
IRN,IR Iran,21,MF,Mohammad Ghorbani,Mohammad GHORBANI,2001-10-07,Al Wahda SC (UAE),,Q112079646,Mohammad Ghorbani,伊朗足球運動員,Mohammad Ghorbani,none,wikidata-match-without-zh-label
IRN,IR Iran,23,DF,Ramin Rezaeiansemeskandi,Ramin REZAEIANSEMESKANDI,1990-03-21,Foolad Khuzestan FC (IRN),,,,,,none,no-wikidata-match
IRN,IR Iran,24,FW,Dennis Dargahi,Dennis DARGAHI,1997-01-09,Standard Liège (BEL),,,,,,none,no-wikidata-match
IRN,IR Iran,25,DF,Danial Iri,Danial IRI,2003-10-26,Malavan Anzali FC (IRN),,,,,,none,no-wikidata-match
IRN,IR Iran,26,MF,Amirmohammad Razaghinia,Amirmohammad RAZAGHINIA,2006-04-11,Esteghlal Tehran FC (IRN),,,,,,none,no-wikidata-match
IRQ,Iraq,1,GK,Fahad Raheem,Fahad Talib Raheem RAHEEM,1994-10-21,Al Talaba SC (IRQ),,,,,,none,no-wikidata-match
IRQ,Iraq,2,DF,Rebin Adhamat,Rebin Ghareeb Solaka ADHAMAT,1992-04-12,Port FC (THA),,,,,,none,no-wikidata-match
IRQ,Iraq,3,DF,Hussein Ali,Hussein Haydar Hussein ALI,2002-03-01,Pogoń Szczecin (POL),,,,,,none,no-wikidata-match
IRQ,Iraq,4,DF,Zaid Hantoosh,Zaid Tahseen Abd Zaid HANTOOSH,2001-01-29,Pakhtakor Tashkent FK (UZB),,,,,,none,no-wikidata-match
IRQ,Iraq,5,DF,Akam Rahman,Akam Hashim Rahman RAHMAN,1998-08-16,Al Zawra'a SC (IRQ),,,,,,none,no-wikidata-match
IRQ,Iraq,6,DF,Munaf Al-Tekreeti,Munaf Younus Hashim AL-TEKREETI,1996-11-16,Al Shorta SC (IRQ),,,,,,none,no-wikidata-match
IRQ,Iraq,7,MF,Youssef Amyn,Youssef Wali Faeq AMYN,2003-08-21,AEK Larnaca FC (CYP),,,,,,none,no-wikidata-match
IRQ,Iraq,8,MF,Ibrahim Al-Kaabawi,Ibrahim Bayesh Kamil AL-KAABAWI,2000-05-01,Al Dhafra SCC (UAE),,,,,,none,no-wikidata-match
IRQ,Iraq,9,FW,Ali Alzubaidi,Ali Ibrahim Karim ALZUBAIDI,2002-03-01,Luton Town FC (ENG),,,,,,none,no-wikidata-match
IRQ,Iraq,10,FW,Mohanad Al-Shammari,Mohanad Ali Kadhim AL-SHAMMARI,2000-06-20,Dibba FC (UAE),,,,,,none,no-wikidata-match
IRQ,Iraq,11,FW,Ahmed Ahmed,Ahmed Ihab Ahmed AHMED,2003-07-12,Nashville SC (USA),,,,,,none,no-wikidata-match
IRQ,Iraq,12,GK,Jalal Hachim,Jalal Hasan Hachim HACHIM,1991-05-18,Al Zawra'a SC (IRQ),,,,,,none,no-wikidata-match
IRQ,Iraq,13,FW,Ali Najatee,Ali Yousif Hashim NAJATEE,1996-01-19,Al Talaba SC (IRQ),,,,,,none,no-wikidata-match
IRQ,Iraq,15,DF,Ahmed Al-Deeshawee,Ahmed Hasan Maknazi AL-DEESHAWEE,2001-09-24,Al Karma SC (IRQ),,,,,,none,no-wikidata-match
IRQ,Iraq,17,FW,Ali Al-Tameemi,Ali Jasim Elaibi AL-TAMEEMI,2004-01-20,Al Najmah SC (KSA),,,,,,none,no-wikidata-match
IRQ,Iraq,18,FW,Aymen Ghadhban,Aymen Hussein Ghadhban GHADHBAN,1996-03-22,Al Karma SC (IRQ),,,,,,none,no-wikidata-match
IRQ,Iraq,19,MF,Kevin William,Kevin Enkido Yakob William WILLIAM,2000-10-10,Aarhus GF (DEN),,,,,,none,no-wikidata-match
IRQ,Iraq,20,MF,Aimar Sher,Aimar Hazar Anwar SHER,2002-12-20,Sarpsborg 08 FF (NOR),,Q85040729,Aimar Sher,瑞典足球運動員,Aimar Sher,none,wikidata-match-without-zh-label
IRQ,Iraq,21,FW,Marko Hussein,Marko Jabbar Hussein HUSSEIN,2004-03-16,Venezia FC (ITA),,,,,,none,no-wikidata-match
IRQ,Iraq,22,GK,Ahmed Al-Fadhli,Ahmed Basil Fadhil AL-FADHLI,1996-08-19,Al Shorta SC (IRQ),,,,,,none,no-wikidata-match
IRQ,Iraq,24,MF,Zaid Al-Dulaimi,Zaid Ismael Khaleel AL-DULAIMI,2002-01-03,Al Talaba SC (IRQ),,,,,,none,no-wikidata-match
IRQ,Iraq,25,DF,Mustafa Al-Korji,Mustafa Saadoon Abbood AL-KORJI,2001-05-25,Al Shorta SC (IRQ),,,,,,none,no-wikidata-match
IRQ,Iraq,26,DF,Frans Haddad,Frans Dhia Jirjis HADDAD,1993-07-14,Persib Bandung (IDN),,,,,,none,no-wikidata-match
JPN,Japan,3,DF,Shogo Taniguchi,Shogo TANIGUCHI,1991-07-15,Sint-Truiden VV (BEL),,,,,,none,no-wikidata-match
JPN,Japan,4,DF,Kou Itakura,Kou ITAKURA,1997-01-27,AFC Ajax (NED),,,,,,none,no-wikidata-match
JPN,Japan,5,DF,Yuto Nagatomo,Yuto NAGATOMO,1986-09-12,FC Tokyo (JPN),,,,,,none,no-wikidata-match
JPN,Japan,10,MF,Ritsu Doan,Ritsu DOAN,1998-06-16,Eintracht Frankfurt (GER),,,,,,none,no-wikidata-match
JPN,Japan,14,MF,Junya Ito,Junya ITO,1993-03-09,KRC Genk (BEL),,,,,,none,no-wikidata-match
JPN,Japan,21,DF,Hiroki Ito,Hiroki ITO,1999-05-12,FC Bayern München (GER),,,,,,none,no-wikidata-match
JOR,Jordan,2,DF,Mohammad Abuhasheesh,Mohammad Ali Hasan ABUHASHEESH,1995-05-09,Al Karma SC (IRQ),,,,,,none,no-wikidata-match
JOR,Jordan,3,DF,Abdallah Nasib,Abdallah Mousa Musallam NASIB,1994-02-25,Al Zawra'a SC (IRQ),,Q124242129,Abdallah Nasib,Jordanian footballer,Abdallah Nasib,none,wikidata-match-without-zh-label
JOR,Jordan,4,DF,Husam Abudahab,Husam Ali Mohammad ABUDAHAB,2000-05-13,Al Faisaly SC (JOR),,Q130244944,Husam Abu Dahab,Jordanian footballer,Husam Abu Dahab,none,wikidata-match-without-zh-label
JOR,Jordan,5,DF,Yazan Alarab,Yazan Mousa Mahmoud ALARAB,1996-01-31,FC Seoul (KOR),,,,,,none,no-wikidata-match
JOR,Jordan,6,MF,Amer Jamous,Amer Rasem Adel JAMOUS,2002-07-03,Al Zawra'a SC (IRQ),,Q130495887,Amer Jamous,Jordanian footballer,Amer Jamous,none,wikidata-match-without-zh-label
JOR,Jordan,7,FW,Mohammad Abu Zraiq,Mohammad Faisal Yousef ABU ZRAIQ,1997-12-30,Raja Casablanca (MAR),,,,,,none,no-wikidata-match
JOR,Jordan,8,MF,Noor Al Rawabdeh,Noor Al-Deen Mahmoud Ali AL RAWABDEH,1997-02-24,Selangor FC (MAS),,,,,,none,no-wikidata-match
JOR,Jordan,10,FW,Mousa Suleiman,Mousa Mohammad Mousa SULEIMAN,1997-06-10,Stade Rennais FC (FRA),,,,,,none,no-wikidata-match
JOR,Jordan,11,FW,Odeh Fakhoury,Odeh Burhan Shehadeh FAKHOURY,2005-11-22,Pyramids FC (EGY),,,,,,none,no-wikidata-match
JOR,Jordan,12,GK,Noureddin Bani Ateyah,Noureddin Zaid Khaleel BANI ATEYAH,1993-01-25,Al Faisaly SC (JOR),,,,,,none,no-wikidata-match
JOR,Jordan,13,FW,Mahmoud Almardi,Mahmoud Nayef Ahmad ALMARDI,1993-10-06,Al Hussein SC (JOR),,,,,,none,no-wikidata-match
JOR,Jordan,14,MF,Raja'ei Hasan,Raja'ei Ayed Fadel HASAN,1993-07-25,Al Hussein SC (JOR),,,,,,none,no-wikidata-match
JOR,Jordan,15,MF,Ibrahim Sa'deh,Ibrahim Mohammad Sami SA'DEH,2000-04-27,Al Karma SC (IRQ),,,,,,none,no-wikidata-match
JOR,Jordan,16,DF,Mohammad Abualnadi,Mohammad Majed Jamil ABUALNADI,2001-02-08,Selangor FC (MAS),,,,,,none,no-wikidata-match
JOR,Jordan,17,DF,Saleem Obaid,Saleem Amer Saleem OBAID,1992-01-17,Al Hussein SC (JOR),,,,,,none,no-wikidata-match
JOR,Jordan,18,MF,Mohammad Taha,Mohammad Ahmed Mohammad TAHA,2005-07-13,Al Hussein SC (JOR),,Q135287344,Mohammad Taha,Jordanian footballer,Mohammad Taha,none,wikidata-match-without-zh-label
JOR,Jordan,19,DF,Sa'ed Alrosan,Sa'ed Ahmad Salameh ALROSAN,1997-02-01,Al Hussein SC (JOR),,,,,,none,no-wikidata-match
JOR,Jordan,20,MF,Mohannad Abu Taha,Mohannad Mahmoud Saleh ABU TAHA,2003-02-02,Al-Quwa Al-Jawiya (IRQ),,Q124397380,Mohannad Abu Taha,Jordanian footballer,Mohannad Abu Taha,none,wikidata-match-without-zh-label
JOR,Jordan,21,MF,Nizar Al-Rashdan,Nizar Mahmoud Ahmed AL-RASHDAN,1999-03-23,Qatar SC (QAT),,Q124302622,Nizar Al-Rashdan,Jordanian professional footballer,Nizar Al-Rashdan,none,wikidata-match-without-zh-label
JOR,Jordan,22,GK,Abdallah Alfakhori,Abdallah Ra'ed Mahmoud ALFAKHORI,2000-01-22,Al Wahdat SC (JOR),,,,,,none,no-wikidata-match
JOR,Jordan,23,DF,Ehsan Haddad,Ehsan Manel Farhan HADDAD,1994-02-05,Al Hussein SC (JOR),,,,,,none,no-wikidata-match
JOR,Jordan,24,FW,Ali Azaizeh,Ali Ahmad Ali AZAIZEH,2004-04-13,Al Shabab FC (KSA),,,,,,none,no-wikidata-match
JOR,Jordan,25,MF,Mohammad Aldaoud,Mohammad Ratib Mohammad ALDAOUD,1992-04-12,Al Wahdat SC (JOR),,,,,,none,no-wikidata-match
JOR,Jordan,26,DF,Anas Badawi,Anas Said Ghazi BADAWI,1997-09-13,Al Faisaly SC (JOR),,Q135971385,Anas Badawi,Jordanian footballer,Anas Badawi,none,wikidata-match-without-zh-label
KOR,Korea Republic,1,GK,Seunggyu Kim,Seunggyu KIM,1990-09-30,FC Tokyo (JPN),,,,,,none,no-wikidata-match
KOR,Korea Republic,2,DF,Hanbeom Lee,Hanbeom LEE,2002-06-17,FC Midtjylland (DEN),,,,,,none,no-wikidata-match
KOR,Korea Republic,3,MF,Gihyuk Lee,Gihyuk LEE,2000-07-07,Gangwon FC (KOR),,,,,,none,no-wikidata-match
KOR,Korea Republic,4,DF,Minjae Kim,Minjae KIM,1996-11-15,FC Bayern München (GER),,,,,,none,no-wikidata-match
KOR,Korea Republic,5,DF,Taehyeon Kim,Taehyeon KIM,2000-09-17,Kashima Antlers (JPN),,,,,,none,no-wikidata-match
KOR,Korea Republic,6,MF,Inbeom Hwang,Inbeom HWANG,1996-09-20,Feyenoord Rotterdam (NED),,,,,,none,no-wikidata-match
KOR,Korea Republic,8,MF,Seungho Paik,Seungho PAIK,1997-03-17,Birmingham City FC (ENG),,,,,,none,no-wikidata-match
KOR,Korea Republic,9,FW,Guesung Cho,Guesung CHO,1998-01-25,FC Midtjylland (DEN),,,,,,none,no-wikidata-match
KOR,Korea Republic,12,GK,Bumkeun Song,Bumkeun SONG,1997-10-15,Jeonbuk Hyundai Motors FC (KOR),,,,,,none,no-wikidata-match
KOR,Korea Republic,13,DF,Taeseok Lee,Taeseok LEE,2002-07-28,FK Austria Wien (AUT),,,,,,none,no-wikidata-match
KOR,Korea Republic,14,DF,Wije Cho,Wije CHO,2001-08-25,Jeonbuk Hyundai Motors FC (KOR),,,,,,none,no-wikidata-match
KOR,Korea Republic,15,DF,Moonhwan Kim,Moonhwan KIM,1995-08-01,Daejeon Hana Citizen FC (KOR),,,,,,none,no-wikidata-match
KOR,Korea Republic,16,DF,Jinseob Park,Jinseob PARK,1995-10-23,Zhejiang FC (CHN),,,,,,none,no-wikidata-match
KOR,Korea Republic,17,MF,Junho Bae,Junho BAE,2003-08-21,Stoke City FC (ENG),,,,,,none,no-wikidata-match
KOR,Korea Republic,18,FW,Hyeongyu Oh,Hyeongyu OH,2001-04-12,Beşiktaş JK (TUR),,,,,,none,no-wikidata-match
KOR,Korea Republic,19,MF,Kangin Lee,Kangin LEE,2001-02-19,Paris Saint-Germain (FRA),,,,,,none,no-wikidata-match
KOR,Korea Republic,20,MF,Hyunjun Yang,Hyunjun YANG,2002-05-25,Celtic FC (SCO),,,,,,none,no-wikidata-match
KOR,Korea Republic,21,GK,Hyeonwoo Jo,Hyeonwoo JO,1991-09-25,Ulsan HD (KOR),,,,,,none,no-wikidata-match
KOR,Korea Republic,22,DF,Youngwoo Seol,Youngwoo SEOL,1998-12-05,FK Crvena Zvezda (SRB),,,,,,none,no-wikidata-match
KOR,Korea Republic,24,MF,Jingyu Kim,Jingyu KIM,1997-02-24,Jeonbuk Hyundai Motors FC (KOR),,,,,,none,no-wikidata-match
KOR,Korea Republic,25,MF,Jisung Eom,Jisung EOM,2002-05-09,Swansea City AFC (WAL),,,,,,none,no-wikidata-match
KOR,Korea Republic,26,MF,Donggyeong Lee,Donggyeong LEE,1997-09-20,Ulsan HD (KOR),,,,,,none,no-wikidata-match
MEX,Mexico,1,GK,José Rangel Aguilar,José Raúl RANGEL AGUILAR,2000-02-25,CD Guadalajara (MEX),,,,,,none,no-wikidata-match
MEX,Mexico,3,DF,César Montes Castro,César Jasib MONTES CASTRO,1997-02-24,FC Lokomotiv Moscow (RUS),,,,,,none,no-wikidata-match
MEX,Mexico,4,DF,Edson Álvarez Velázquez,Edson Omar ÁLVAREZ VELÁZQUEZ,1997-10-24,Fenerbahçe SK (TUR),,,,,,none,no-wikidata-match
MEX,Mexico,5,DF,Johan Vásquez Ibarra,Johan Felipe VÁSQUEZ IBARRA,1998-10-22,Genoa CFC (ITA),,,,,,none,no-wikidata-match
MEX,Mexico,6,MF,Erik Lira Méndez,Erik Antonio LIRA MÉNDEZ,2000-05-08,CF Cruz Azul (MEX),,Q98593181,Erik Lira,墨西哥足球運動員,Erik Lira,none,wikidata-match-without-zh-label
MEX,Mexico,8,MF,Álvaro Fidalgo Fernández,Álvaro FIDALGO FERNÁNDEZ,1997-04-09,Real Betis (ESP),,Q98092491,Álvaro Fidalgo,西班牙足球运动员,Álvaro Fidalgo,none,wikidata-match-without-zh-label
MEX,Mexico,9,FW,Raúl Jiménez Rodríguez,Raúl Alonso JIMÉNEZ RODRÍGUEZ,1991-05-05,Fulham FC (ENG),,,,,,none,no-wikidata-match
MEX,Mexico,11,FW,Santiago Gimenez,Santiago Tomás GIMENEZ,2001-04-18,AC Milan (ITA),,,,,,none,no-wikidata-match
MEX,Mexico,14,FW,Armando González Alba,Armando GONZÁLEZ ALBA,2003-04-20,CD Guadalajara (MEX),,,,,,none,no-wikidata-match
MEX,Mexico,16,FW,Julián Quiñones Quiñones,Julián Andrés QUIÑONES QUIÑONES,1997-03-24,Al Qadsiah FC (KSA),,,,,,none,no-wikidata-match
MEX,Mexico,17,MF,Orbelín Pineda Alvarado,Orbelín PINEDA ALVARADO,1996-03-24,AEK Athens (GRE),,,,,,none,no-wikidata-match
MEX,Mexico,19,MF,Gilberto Mora Zambrano,Gilberto Rafael MORA ZAMBRANO,2008-10-14,Club Tijuana (MEX),,Q129652337,Gilberto Mora,墨西哥男子足球运动员,Gilberto Mora,none,wikidata-match-without-zh-label
MEX,Mexico,20,DF,Mateo Chávez García,Mateo CHÁVEZ GARCÍA,2004-05-12,AZ Alkmaar (NED),,,,,,none,no-wikidata-match
MEX,Mexico,21,FW,César Huerta Valera,César Saúl HUERTA VALERA,2000-12-03,RSC Anderlecht (BEL),,,,,,none,no-wikidata-match
MEX,Mexico,22,FW,Guillermo Martínez Ayala,Guillermo MARTÍNEZ AYALA,1995-03-15,Pumas UNAM (MEX),,Q19158746,Guillermo Martínez Ayala,墨西哥足球運動員,Guillermo Martínez Ayala,none,wikidata-match-without-zh-label
MEX,Mexico,23,DF,Jesús Gallardo Vasconcelos,Jesús Daniel GALLARDO VASCONCELOS,1994-08-15,Deportivo Toluca FC (MEX),,,,,,none,no-wikidata-match
MEX,Mexico,24,MF,Luis Chávez Magallón,Luis Gerardo CHÁVEZ MAGALLÓN,1996-01-15,FC Dynamo Moscow (RUS),,,,,,none,no-wikidata-match
MEX,Mexico,26,MF,Brian Gutiérrez,Brian GUTIÉRREZ,2003-06-17,CD Guadalajara (MEX),,Q98536293,Brian Gutiérrez,美國足球運動員,Brian Gutiérrez,none,wikidata-match-without-zh-label
MAR,Morocco,5,DF,Marwane Saadane,Marwane SAADANE,1992-01-17,Al Fateh SC (KSA),,,,,,none,no-wikidata-match
MAR,Morocco,9,FW,Souane Rahimi,Souane RAHIMI,1996-06-02,Al Ain FC (UAE),,,,,,none,no-wikidata-match
MAR,Morocco,10,FW,Brahim Abdelkader Diaz,Brahim ABDELKADER DIAZ,1999-08-03,Real Madrid C. F. (ESP),,,,,,none,no-wikidata-match
MAR,Morocco,12,GK,Monir El Kajoui,Monir EL KAJOUI,1989-05-10,RS Berkane (MAR),,,,,,none,no-wikidata-match
MAR,Morocco,15,MF,Samir El Mourabet,Samir EL MOURABET,2005-10-06,RC Strasbourg (FRA),,Q135616172,Samir El Mourabet,Moroccan association football player,Samir El Mourabet,none,wikidata-match-without-zh-label
MAR,Morocco,17,FW,Mohamed Sbai,Mohamed Amine SBAI,2000-11-05,Angers SCO (FRA),,,,,,none,no-wikidata-match
MAR,Morocco,19,DF,Youssef Belammari,Youssef BELAMMARI,1998-09-20,Al Ahly FC (EGY),,Q110964329,Youssef Belammari,Moroccan footballer,Youssef Belammari,none,wikidata-match-without-zh-label
MAR,Morocco,21,FW,Ayoube Amaimouni,Ayoube AMAIMOUNI,2004-11-30,Eintracht Frankfurt (GER),,Q137705019,Ayoube Amaimouni,Moroccan footballer,Ayoube Amaimouni,none,wikidata-match-without-zh-label
MAR,Morocco,22,GK,Ahmed Tagnaouti,Ahmed Reda TAGNAOUTI,1996-04-05,ASFAR (MAR),,,,,,none,no-wikidata-match
MAR,Morocco,25,DF,Redouane Halhal,Redouane HALHAL,2003-03-05,KV Mechelen (BEL),,Q120389429,Redouane Halhal,Moroccan and French footballer,Redouane Halhal,none,wikidata-match-without-zh-label
MAR,Morocco,26,DF,Anass Salah Eddine,Anass SALAH EDDINE,2002-01-18,PSV Eindhoven (NED),,,,,,none,no-wikidata-match
NED,Netherlands,3,MF,Marten De Roon,Marten Elco DE ROON,1991-03-29,Atalanta Bergamo (ITA),,,,,,none,no-wikidata-match
NED,Netherlands,4,DF,Virgil Van Dijk,Virgil VAN DIJK,1991-07-08,Liverpool FC (ENG),,,,,,none,no-wikidata-match
NED,Netherlands,5,DF,Nathan Ake,Nathan Benjamin AKE,1995-02-18,Manchester City FC (ENG),,,,,,none,no-wikidata-match
NED,Netherlands,6,DF,Jan-Paul Van Hecke,Jan-Paul VAN HECKE,2000-06-08,Brighton & Hove Albion FC (ENG),,,,,,none,no-wikidata-match
NED,Netherlands,15,DF,Micky Van De Ven,Micky VAN DE VEN,2001-04-19,Tottenham Hotspur FC (ENG),,,,,,none,no-wikidata-match
NED,Netherlands,21,MF,Frenkie De Jong,Frenkie DE JONG,1997-05-12,FC Barcelona (ESP),,,,,,none,no-wikidata-match
NZL,New Zealand,3,DF,Francis De Vries,Francis DE VRIES,1994-11-28,Auckland FC (NZL),,,,,,none,no-wikidata-match
NZL,New Zealand,7,FW,Logan Rogerson,Logan Tipene ROGERSON,1998-05-28,Auckland FC (NZL),,Q20963029,Logan Rogerson,New Zealand footballer,Logan Rogerson,none,wikidata-match-without-zh-label
NZL,New Zealand,15,DF,Nando Pijnaker,Nando Zen PIJNAKER,1999-02-25,Auckland FC (NZL),,Q64031855,Nando Pijnaker,New Zealand association football player,Nando Pijnaker,none,wikidata-match-without-zh-label
NZL,New Zealand,20,MF,Callum Mccowatt,Callum William MCCOWATT,1999-04-30,Silkeborg IF (DEN),,,,,,none,no-wikidata-match
NZL,New Zealand,21,FW,Jesse Randall,Jesse Carmichael RANDALL,2002-08-19,Auckland FC (NZL),,Q118287620,Jesse Randall,New Zealand footballer (born 2002),Jesse Randall,none,wikidata-match-without-zh-label
NZL,New Zealand,25,MF,Lachlan Bayliss,Lachlan Ryan BAYLISS,2002-07-24,Newcastle United Jets FC (AUS),,Q123571870,Lachlan Bayliss,Australian association footballer,Lachlan Bayliss,none,wikidata-match-without-zh-label
NOR,Norway,5,DF,David Wolfe,David Møller WOLFE,2002-04-23,Wolverhampton Wanderers FC (ENG),,,,,,none,no-wikidata-match
NOR,Norway,10,MF,Martín Ødegaard,Martín ØDEGAARD,1998-12-17,Arsenal FC (ENG),,,,,,none,no-wikidata-match
NOR,Norway,11,FW,Jørgen Larsen,Jørgen Strand LARSEN,2000-02-06,Crystal Palace FC (ENG),,,,,,none,no-wikidata-match
NOR,Norway,12,GK,Sander Tangvik,Sander TANGVIK,2002-11-29,Hamburger SV (GER),,Q105754161,Sander Tangvik,挪威足球運動員,Sander Tangvik,none,wikidata-match-without-zh-label
NOR,Norway,13,GK,Egil Selvik,Egil SELVIK,1997-07-30,Watford FC (ENG),,Q62617279,Egil Selvik,挪威足球運動員,Egil Selvik,none,wikidata-match-without-zh-label
NOR,Norway,15,DF,Fredrik Bjørkan,Fredrik André BJØRKAN,1998-08-21,FK Bodø/Glimt (NOR),,,,,,none,no-wikidata-match
NOR,Norway,16,DF,Marcus Pedersen,Marcus Holmgren PEDERSEN,2000-07-16,Torino FC (ITA),,,,,,none,no-wikidata-match
NOR,Norway,23,MF,Jens Hauge,Jens Petter HAUGE,1999-10-12,FK Bodø/Glimt (NOR),,,,,,none,no-wikidata-match
PAN,Panama,1,GK,Luis Mejía Cajar,Luis Ricardo MEJÍA CAJAR,1991-03-16,Club Nacional (URU),,,,,,none,no-wikidata-match
PAN,Panama,2,DF,Cesar Blackman Camarena,Cesar Rodolfo BLACKMAN CAMARENA,1998-04-02,ŠK Slovan Bratislava (SVK),,Q51331558,Cesar Blackman,association football player,Cesar Blackman,none,wikidata-match-without-zh-label
PAN,Panama,3,DF,Jose Cordoba Chambers,Jose Angel CORDOBA CHAMBERS,2001-06-03,Norwich City FC (ENG),,,,,,none,no-wikidata-match
PAN,Panama,5,DF,Edgardo Fariña Wynter,Edgardo Issac FARIÑA WYNTER,2001-10-19,FC Pari Nizhny Novgorod (RUS),,Q117239349,Edgardo Fariña,Panamanian footballer,Edgardo Fariña,none,wikidata-match-without-zh-label
PAN,Panama,6,MF,Cristian Martinez,Cristian Jesus MARTINEZ,1997-02-06,Hapoel Kiryat Shmona FC (ISR),,,,,,none,no-wikidata-match
PAN,Panama,7,MF,Jose Rodriguez Francis,Jose Luis RODRIGUEZ FRANCIS,1998-06-19,FC Juárez (MEX),,,,,,none,no-wikidata-match
PAN,Panama,9,FW,Tomas Rodriguez Mena,Tomas Abdiel RODRIGUEZ MENA,1999-03-09,Deportivo Saprissa (CRC),,,,,,none,no-wikidata-match
PAN,Panama,10,MF,Ismael Diaz De Leon,Ismael DIAZ DE LEON,1997-05-12,Club León (MEX),,,,,,none,no-wikidata-match
PAN,Panama,11,MF,Edgar Barcenas Herrera,Edgar Yoel BARCENAS HERRERA,1993-10-23,Mazatlán FC (MEX),,,,,,none,no-wikidata-match
PAN,Panama,12,GK,Cesar Samudio Murillo,Cesar Jair SAMUDIO MURILLO,1994-02-23,CD Marathón (HON),,,,,,none,no-wikidata-match
PAN,Panama,13,DF,Jiovany Ramos Diaz,Jiovany Javier RAMOS DIAZ,1997-01-26,Puerto Cabello CF (VEN),,Q62006245,Jiovany Ramos,Panamanian footballer,Jiovany Ramos,none,wikidata-match-without-zh-label
PAN,Panama,16,DF,Andres Andrade Cedeño,Andres Alberto ANDRADE CEDEÑO,1998-10-16,LASK Linz (AUT),,,,,,none,no-wikidata-match
PAN,Panama,17,FW,Jose Fajardo Nelson,Jose FAJARDO NELSON,1993-08-18,CD Universidad Católica (ECU),,,,,,none,no-wikidata-match
PAN,Panama,20,MF,Anibal Godoy Lemus,Anibal Casis GODOY LEMUS,1990-02-10,San Diego FC (USA),,,,,,none,no-wikidata-match
PAN,Panama,21,MF,Cesar Yanis Velasco,Cesar Augusto YANIS VELASCO,1996-01-28,CD Cobresal (CHI),,,,,,none,no-wikidata-match
PAN,Panama,22,GK,Orlando Mosquera,Orlando MOSQUERA,1994-12-25,Al Fayha FC (KSA),,Q48839143,Orlando Mosquera,Panamanian association football player,Orlando Mosquera,none,wikidata-match-without-zh-label
PAN,Panama,23,DF,Michael Murillo Bermudez,Michael Amir MURILLO BERMUDEZ,1996-02-11,Beşiktaş JK (TUR),,,,,,none,no-wikidata-match
PAN,Panama,24,FW,Azarías Londoño Gonzalez,Azarías Emmanuel LONDOÑO GONZALEZ,2001-06-21,CD Universidad Católica (ECU),,,,,,none,no-wikidata-match
PAN,Panama,26,DF,Jorge Gutierrez Cornejo,Jorge Abdiel GUTIERREZ CORNEJO,1998-09-01,Deportivo La Guaira (VEN),,,,,,none,no-wikidata-match
PAR,Paraguay,1,GK,Roberto Fernandez Torres,Roberto Junior FERNANDEZ TORRES,1988-03-29,Cerro Porteño (PAR),,,,,,none,no-wikidata-match
PAR,Paraguay,2,DF,Victor Velazquez Ramos,Victor Gustavo VELAZQUEZ RAMOS,1991-04-17,Cerro Porteño (PAR),,,,,,none,no-wikidata-match
PAR,Paraguay,4,DF,Juan Caceres,Juan Jose CACERES,2000-06-01,FC Dynamo Moscow (RUS),,,,,,none,no-wikidata-match
PAR,Paraguay,7,MF,Ramón Sosa Acosta,Ramón SOSA ACOSTA,1999-08-31,SE Palmeiras (BRA),,Q110160871,Ramón Sosa,巴拉圭足球运动员,Ramón Sosa,none,wikidata-match-without-zh-label
PAR,Paraguay,8,MF,Diego Gomez Amarilla,Diego Alexander GOMEZ AMARILLA,2003-03-27,Brighton & Hove Albion FC (ENG),,,,,,none,no-wikidata-match
PAR,Paraguay,11,MF,Mauricio Magalhaes Prado,Mauricio MAGALHAES PRADO,2001-06-22,SE Palmeiras (BRA),,,,,,none,no-wikidata-match
PAR,Paraguay,12,GK,Orlando Gill Noldin,Orlando Daniel GILL NOLDIN,2000-06-11,CA San Lorenzo (ARG),,Q60842077,Orlando Gill,Paraguayan footballer (born 2000),Orlando Gill,none,wikidata-match-without-zh-label
PAR,Paraguay,13,DF,Jose Canale Dominguez,Jose Maria CANALE DOMINGUEZ,1996-07-20,CA Lanús (ARG),,,,,,none,no-wikidata-match
PAR,Paraguay,14,MF,Adrián Cubas,Adrián Andrés CUBAS,1996-05-11,Vancouver Whitecaps FC (CAN),,,,,,none,no-wikidata-match
PAR,Paraguay,15,DF,Gustavo Gómez Portillo,Gustavo Raul GÓMEZ PORTILLO,1993-05-06,SE Palmeiras (BRA),,,,,,none,no-wikidata-match
PAR,Paraguay,16,MF,Damián Bobadilla Benitez,Damián Josue BOBADILLA BENITEZ,2001-07-11,São Paulo FC (BRA),,Q116223348,Damián Bobadilla,巴拉圭男子足球运动员,Damián Bobadilla,none,wikidata-match-without-zh-label
PAR,Paraguay,18,FW,Alex Arce Barrios,Alex Adrian ARCE BARRIOS,1995-06-16,CS Independiente Rivadavia (ARG),,Q118935199,Alex Arce,巴拉圭足球运动员,Alex Arce,none,wikidata-match-without-zh-label
PAR,Paraguay,19,FW,Julio Enciso Espinola,Julio Cesar ENCISO ESPINOLA,2004-01-23,RC Strasbourg (FRA),,,,,,none,no-wikidata-match
PAR,Paraguay,21,FW,Gabriel Avalos Stumpfs,Gabriel AVALOS STUMPFS,1991-07-09,CA Independiente (ARG),,,,,,none,no-wikidata-match
PAR,Paraguay,22,GK,Gastón Olveira Echeverria,Gastón Hernán OLVEIRA ECHEVERRIA,1993-04-21,Club Olimpia (PAR),,Q18020415,Gastón Olveira,乌拉圭男子足球运动员,Gastón Olveira,none,wikidata-match-without-zh-label
PAR,Paraguay,23,MF,Matias Galarza Fonda,Matias GALARZA FONDA,2002-02-11,Atlanta United FC (USA),,,,,,none,no-wikidata-match
PAR,Paraguay,24,MF,Gustavo Caballero Gonzalez,Gustavo Ruben CABALLERO GONZALEZ,2001-09-21,Portsmouth FC (ENG),,Q127179158,Gustavo Caballero,巴拉圭男子足球运动员,Gustavo Caballero,none,wikidata-match-without-zh-label
PAR,Paraguay,25,FW,Isidro Pitta Saldivar,Isidro Miguel PITTA SALDIVAR,1999-08-14,Red Bull Bragantino (BRA),,Q99096411,Isidro Pitta,Paraguayan footballer,Isidro Pitta,none,wikidata-match-without-zh-label
PAR,Paraguay,26,DF,Alexandro Maidana Mendieta,Alexandro MAIDANA MENDIETA,2005-07-26,CA Talleres (ARG),,Q136375048,Alexandro Maidana,Paraguayan footballer,Alexandro Maidana,none,wikidata-match-without-zh-label
POR,Portugal,2,DF,Nélson Cabral Semedo,Nélson CABRAL SEMEDO,1993-11-16,Fenerbahçe SK (TUR),,,,,,none,no-wikidata-match
POR,Portugal,4,DF,Tomás Lemos Araújo,Tomás LEMOS ARAÚJO,2002-05-16,SL Benca (POR),,,,,,none,no-wikidata-match
POR,Portugal,5,DF,José Dalot Teixeira,José Diogo DALOT TEIXEIRA,1999-03-18,Manchester United FC (ENG),,,,,,none,no-wikidata-match
POR,Portugal,8,MF,Bruno Borges Fernandes,Bruno Miguel BORGES FERNANDES,1994-09-08,Manchester United FC (ENG),,,,,,none,no-wikidata-match
POR,Portugal,9,FW,Gonçalo Matias Ramos,Gonçalo MATIAS RAMOS,2001-06-20,Paris Saint-Germain (FRA),,,,,,none,no-wikidata-match
POR,Portugal,10,MF,Bernardo Mota Veiga De Carvalho E Silva,Bernardo MOTA VEIGA DE CARVALHO E SILVA,1994-08-10,Manchester City FC (ENG),,,,,,none,no-wikidata-match
POR,Portugal,14,DF,Gonçalo Bernardo Inácio,Gonçalo BERNARDO INÁCIO,2001-08-25,Sporting CP (POR),,,,,,none,no-wikidata-match
POR,Portugal,17,FW,Rafael Da Conceição Leão,Rafael Alexandre DA CONCEIÇÃO LEÃO,1999-06-10,AC Milan (ITA),,,,,,none,no-wikidata-match
POR,Portugal,19,FW,Gonçalo Ganchinho Guedes,Gonçalo Manuel GANCHINHO GUEDES,1996-11-29,Real Sociedad (ESP),,,,,,none,no-wikidata-match
POR,Portugal,21,MF,Rúben Da Silva Neves,Rúben Diogo DA SILVA NEVES,1997-03-13,Al Hilal SC (KSA),,,,,,none,no-wikidata-match
POR,Portugal,24,DF,Samuel De Almeida Costa,Samuel DE ALMEIDA COSTA,2000-11-27,RCD Mallorca (ESP),,,,,,none,no-wikidata-match
POR,Portugal,25,DF,Nuno Tavares Mendes,Nuno Alexandre TAVARES MENDES,2002-06-19,Paris Saint-Germain (FRA),,,,,,none,no-wikidata-match
POR,Portugal,26,FW,Francisco Fernandes Da Conceição,Francisco FERNANDES DA CONCEIÇÃO,2002-12-14,Juventus FC (ITA),,,,,,none,no-wikidata-match
QAT,Qatar,1,GK,Mahmoud Abunada,Mahmoud Ibrahim M ABUNADA,2000-02-05,Al Rayyan SC (QAT),,,,,,none,no-wikidata-match
QAT,Qatar,2,DF,Pedro Correia,Pedro Miguel D D CORREIA,1990-08-06,Al Sadd SC (QAT),,,,,,none,no-wikidata-match
QAT,Qatar,4,DF,Gueye Seydinaissalaye,Gueye SEYDINAISSALAYE,1997-12-22,Al Arabi SC (QAT),,,,,,none,no-wikidata-match
QAT,Qatar,5,DF,Jassem Abdulsallam,Jassem Gaber E ABDULSALLAM,2002-02-20,Al Rayyan SC (QAT),,,,,,none,no-wikidata-match
QAT,Qatar,6,MF,Abdelaziz Mohamed,Abdelaziz Hatim A MOHAMED,1990-01-01,Al Rayyan SC (QAT),,,,,,none,no-wikidata-match
QAT,Qatar,8,FW,Edmilson Dasilva,Edmilson Junior P DASILVA,1994-08-19,Al Duhail SC (QAT),,,,,,none,no-wikidata-match
QAT,Qatar,10,FW,Hasan Alhaydos,Hasan Khalid H ALHAYDOS,1990-12-11,Al Sadd SC (QAT),,,,,,none,no-wikidata-match
QAT,Qatar,13,DF,Ayoub Aloui,Ayoub Mohamed ALOUI,2005-03-11,Al Gharafa SC (QAT),,,,,,none,no-wikidata-match
QAT,Qatar,15,FW,Yusuf Yusuf,Yusuf Abdurisag YUSUF,1999-08-06,Al Wakrah SC (QAT),,,,,,none,no-wikidata-match
QAT,Qatar,17,MF,Ahmed Alganehi,Ahmed Mohamed H K ALGANEHI,2000-09-22,Al Gharafa SC (QAT),,,,,,none,no-wikidata-match
QAT,Qatar,19,FW,Almoez Abdulla,Almoez Ali Zainelabdeen M ABDULLA,1996-08-19,Al Duhail SC (QAT),,,,,,none,no-wikidata-match
QAT,Qatar,20,MF,Ahmed Abdoulla,Ahmed Fathy M ABDOULLA,1993-01-25,Al Arabi SC (QAT),,,,,,none,no-wikidata-match
QAT,Qatar,21,GK,Salah Hassan,Salah Zakaria M M HASSAN,1999-04-24,Al Duhail SC (QAT),,,,,,none,no-wikidata-match
QAT,Qatar,22,GK,Meshaal Barsham,Meshaal Aissa M BARSHAM,1998-02-14,Al Sadd SC (QAT),,,,,,none,no-wikidata-match
QAT,Qatar,24,FW,Tahsin Jamshid,Tahsin Mohammad JAMSHID,2006-06-16,Al Duhail SC (QAT),,Q126258395,Tahsin Jamshid,Qatari footballer,Tahsin Jamshid,none,wikidata-match-without-zh-label
QAT,Qatar,25,DF,Alhashmi Mohialdin,Alhashmi Alhussein A MOHIALDIN,2003-08-15,Al Arabi SC (QAT),,,,,,none,no-wikidata-match
QAT,Qatar,26,FW,Mohamed Manai,Mohamed Naceur MANAI,2002-10-25,Al Shamal SC (QAT),,Q137394484,Mohamed Manai,Qatari association football player (born 2003),Mohamed Manai,none,wikidata-match-without-zh-label
KSA,Saudi Arabia,1,GK,Nawaf Alaqidi,Nawaf Dhahi F ALAQIDI,2000-05-10,Al Nassr FC (KSA),,,,,,none,no-wikidata-match
KSA,Saudi Arabia,2,DF,Ali Majrashi,Ali Hassan M MAJRASHI,1999-10-02,Al Ahli FC (KSA),,,,,,none,no-wikidata-match
KSA,Saudi Arabia,3,DF,Ali Lajami,Ali Mohammed A LAJAMI,1996-04-24,Al Hilal SC (KSA),,,,,,none,no-wikidata-match
KSA,Saudi Arabia,4,DF,Abdulelah Alamri,Abdulelah Ali A ALAMRI,1997-01-15,Al Nassr FC (KSA),,,,,,none,no-wikidata-match
KSA,Saudi Arabia,5,DF,Hassan Altambakti,Hassan Mohammed O ALTAMBAKTI,1999-02-09,Al Hilal SC (KSA),,,,,,none,no-wikidata-match
KSA,Saudi Arabia,6,MF,Nasser Aldawsari,Nasser Essa S ALDAWSARI,1998-12-19,Al Hilal SC (KSA),,,,,,none,no-wikidata-match
KSA,Saudi Arabia,7,MF,Musab Aljuwayr,Musab Fahad Z ALJUWAYR,2003-06-20,Al Qadsiah FC (KSA),,,,,,none,no-wikidata-match
KSA,Saudi Arabia,8,FW,Aiman Ahmed,Aiman Yahya Y AHMED,2001-05-14,Al Nassr FC (KSA),,,,,,none,no-wikidata-match
KSA,Saudi Arabia,9,FW,Feras Albrikan,Feras Tariq N ALBRIKAN,2000-05-14,Al Ahli FC (KSA),,,,,,none,no-wikidata-match
KSA,Saudi Arabia,10,FW,Salem Aldawsari,Salem Mohammed S ALDAWSARI,1991-08-19,Al Hilal SC (KSA),,,,,,none,no-wikidata-match
KSA,Saudi Arabia,11,FW,Saleh Alshehri,Saleh Khalid M ALSHEHRI,1993-11-01,Al Ittihad (KSA),,,,,,none,no-wikidata-match
KSA,Saudi Arabia,13,DF,Nawaf Bu Washl,Nawaf Meshari M BU WASHL,1999-09-16,Al Nassr FC (KSA),,,,,,none,no-wikidata-match
KSA,Saudi Arabia,14,DF,Hassan Mahbub,Hassan Kadish Y MAHBUB,1992-09-26,Al Ittihad (KSA),,,,,,none,no-wikidata-match
KSA,Saudi Arabia,15,MF,Abdullah Alkhaibari,Abdullah Mohammed H ALKHAIBARI,1996-08-16,Al Nassr FC (KSA),,,,,,none,no-wikidata-match
KSA,Saudi Arabia,16,MF,Ziyad Aljohani,Ziyad Mubarak E ALJOHANI,2001-11-11,Al Ahli FC (KSA),,,,,,none,no-wikidata-match
KSA,Saudi Arabia,17,FW,Khalid Alghannam,Khalid Essa M ALGHANNAM,2000-11-08,Al Ettifaq FC (KSA),,,,,,none,no-wikidata-match
KSA,Saudi Arabia,18,MF,Ala Alhajji,Ala Mohsen A ALHAJJI,1995-12-03,Neom SC (KSA),,,,,,none,no-wikidata-match
KSA,Saudi Arabia,19,FW,Abdullah Alhamddan,Abdullah Abdulrahman A ALHAMDDAN,1999-09-13,Al Nassr FC (KSA),,,,,,none,no-wikidata-match
KSA,Saudi Arabia,20,FW,Sultan Mandash,Sultan Ahmed M MANDASH,1994-10-17,Al Hilal SC (KSA),,,,,,none,no-wikidata-match
KSA,Saudi Arabia,21,GK,Mohammed Alowais,Mohammed Khalil I ALOWAIS,1991-10-10,Al Ula Saudi FC (KSA),,,,,,none,no-wikidata-match
KSA,Saudi Arabia,22,GK,Ahmed Alkassar,Ahmed Ali H ALKASSAR,1991-05-08,Al Qadsiah FC (KSA),,,,,,none,no-wikidata-match
KSA,Saudi Arabia,24,DF,Moteb Alharbi,Moteb Saad S ALHARBI,2000-02-20,Al Hilal SC (KSA),,,,,,none,no-wikidata-match
KSA,Saudi Arabia,25,DF,Jehad Thikri,Jehad Abdullatif A THIKRI,2001-07-21,Al Qadsiah FC (KSA),,,,,,none,no-wikidata-match
KSA,Saudi Arabia,26,DF,Mohammed Abu Alshamat,Mohammed Waheeb S ABU ALSHAMAT,2002-08-11,Al Qadsiah FC (KSA),,,,,,none,no-wikidata-match
SCO,Scotland,4,MF,Scott Mctominay,Scott Francis MCTOMINAY,1996-12-08,SSC Napoli (ITA),,,,,,none,no-wikidata-match
SCO,Scotland,7,MF,John Mcginn,John MCGINN,1994-10-18,Aston Villa FC (ENG),,,,,,none,no-wikidata-match
SCO,Scotland,10,FW,Che Adams,Che Sac Everton Fred ADAMS,1996-07-13,Torino FC (ITA),,,,,,none,no-wikidata-match
SCO,Scotland,17,FW,Ben Doak,Ben Gannon DOAK,2005-11-11,AFC Bournemouth (ENG),,,,,,none,no-wikidata-match
SCO,Scotland,23,MF,Kenneth Mclean,Kenneth MCLEAN,1992-01-08,Norwich City FC (ENG),,,,,,none,no-wikidata-match
SCO,Scotland,25,FW,Findlay Curtis,Findlay Kenneth CURTIS,2006-06-09,Kilmarnock FC (SCO),,Q131863254,Findlay Curtis,Scottish footballer (born 2006),Findlay Curtis,none,wikidata-match-without-zh-label
SCO,Scotland,26,DF,Scott Mckenna,Scott Fraser MCKENNA,1996-11-12,GNK Dinamo Zagreb (CRO),,,,,,none,no-wikidata-match
SEN,Senegal,4,DF,Abdoulaye Seck,Abdoulaye SECK,1992-06-04,Maccabi Haifa FC (ISR),,Q17494543,Abdoulaye Seck,Senegalese footballer (born 1992),Abdoulaye Seck,none,wikidata-match-without-zh-label
SEN,Senegal,6,MF,Ismaila Ciss,Ismaila Pathe CISS,1994-03-16,Rayo Vallecano (ESP),,,,,,none,no-wikidata-match
SEN,Senegal,8,MF,Lamine Camara,Lamine CAMARA,2004-01-01,AS Monaco (FRA),,Q116896436,Lamine Camara,Senegalese footballer (born 2004),Lamine Camara,none,wikidata-match-without-zh-label
SEN,Senegal,9,FW,Cheikh Dieng,Cheikh Ahmadou Bamba Mbacke DIENG,2000-03-23,FC Lorient (FRA),,,,,,none,no-wikidata-match
SEN,Senegal,10,FW,Sadio Mane,Sadio MANE,1992-04-10,Al Nassr FC (KSA),,,,,,none,no-wikidata-match
SEN,Senegal,16,GK,Edouard Mendy,Edouard Osoque MENDY,1992-03-01,Al Ahli FC (KSA),,,,,,none,no-wikidata-match
SEN,Senegal,17,MF,Pape Sarr,Pape Matar SARR,2002-09-14,Tottenham Hotspur FC (ENG),,,,,,none,no-wikidata-match
SEN,Senegal,18,FW,Ismaila Sarr,Ismaila SARR,1998-02-25,Crystal Palace FC (ENG),,,,,,none,no-wikidata-match
SEN,Senegal,19,DF,Moussa Niakhate,Moussa NIAKHATE,1996-03-08,Olympique Lyonnais (FRA),,,,,,none,no-wikidata-match
SEN,Senegal,22,MF,Bara Ndiaye,Bara Sapoko NDIAYE,2007-12-31,FC Bayern München (GER),,,,,,none,no-wikidata-match
SEN,Senegal,25,DF,El Diouf,El Hadji Malick DIOUF,2004-12-29,West Ham United FC (ENG),,,,,,none,no-wikidata-match
RSA,South Africa,2,DF,Tholo Matuludi,Tholo Thabang MATULUDI,1999-01-14,Polokwane City FC (RSA),,Q127324870,Thabang Matuludi,South African soccer player,Thabang Matuludi,none,wikidata-match-without-zh-label
RSA,South Africa,3,DF,Khulumani Ndamane,Khulumani NDAMANE,2004-02-05,Mamelodi Sundowns FC (RSA),,Q137299823,Khulumani Ndamane,South African soccer player,Khulumani Ndamane,none,wikidata-match-without-zh-label
RSA,South Africa,5,MF,Thalente Mbatha,Thalente Wandile MBATHA,2000-03-06,Orlando Pirates FC (RSA),,Q130261099,Thalente Mbatha,South African soccer player (born 2000),Thalente Mbatha,none,wikidata-match-without-zh-label
RSA,South Africa,6,DF,Aubrey Modiba,Aubrey Maphosa MODIBA,1995-07-22,Mamelodi Sundowns FC (RSA),,Q26405966,Aubrey Modiba,South African footballer,Aubrey Modiba,none,wikidata-match-without-zh-label
RSA,South Africa,7,FW,Oswin Appollis,Oswin Reagan APPOLLIS,2001-08-25,Orlando Pirates FC (RSA),,Q64167435,Oswin Appollis,South African association footballer,Oswin Appollis,none,wikidata-match-without-zh-label
RSA,South Africa,8,FW,Tshepang Moremi,Tshepang MOREMI,2000-10-02,Orlando Pirates FC (RSA),,Q125166783,Tshepang Moremi,South African soccer player,Tshepang Moremi,none,wikidata-match-without-zh-label
RSA,South Africa,10,FW,Relebohile Mofokeng,Relebohile MOFOKENG,2004-10-23,Orlando Pirates FC (RSA),,Q119413564,Relebohile Mofokeng,South African soccer player,Relebohile Mofokeng,none,wikidata-match-without-zh-label
RSA,South Africa,12,FW,Thapelo Maseko,Thapelo MASEKO,2003-11-11,AEL Limassol (CYP),,,,,,none,no-wikidata-match
RSA,South Africa,13,MF,Sphephelo Sithole,Sphephelo S'miso SITHOLE,1999-03-03,CD Tondela (POR),,Q104530871,Sphephelo Sithole,South African association football player,Sphephelo Sithole,none,wikidata-match-without-zh-label
RSA,South Africa,14,DF,Mbekezeli Mbokazi,Mbekezeli Mfanukile MBOKAZI,2005-09-19,Chicago Fire FC (USA),,Q133464757,Mbekezeli Mbokazi,South African soccer player,Mbekezeli Mbokazi,none,wikidata-match-without-zh-label
RSA,South Africa,15,FW,Iqraam Rayners,Iqraam RAYNERS,1995-12-19,Mamelodi Sundowns FC (RSA),,Q100565190,Iqraam Rayners,South African soccer player,Iqraam Rayners,none,wikidata-match-without-zh-label
RSA,South Africa,16,GK,Sipho Chaine,Sipho Justin CHAINE,1996-12-14,Orlando Pirates FC (RSA),,Q58796434,Sipho Chaine,football player,Sipho Chaine,none,wikidata-match-without-zh-label
RSA,South Africa,18,DF,Samukele Kabini,Samukele Alucious KABINI,2004-03-15,Molde FK (NOR),,Q133794425,Samukele Kabini,South African soccer player,Samukele Kabini,none,wikidata-match-without-zh-label
RSA,South Africa,19,DF,Nkosinathi Sibisi,Nkosinathi Emmanuel SIBISI,1995-09-22,Orlando Pirates FC (RSA),,,,,,none,no-wikidata-match
RSA,South Africa,20,DF,Khuliso Mudau,Khuliso Johnson MUDAU,1995-04-26,Mamelodi Sundowns FC (RSA),,Q58810793,Khuliso Mudau,South African footballer,Khuliso Mudau,none,wikidata-match-without-zh-label
RSA,South Africa,21,DF,Ime Okon,Ime Daniel OKON,2004-02-20,Hannover 96 (GER),,Q127514195,Ime Okon,South African soccer player,Ime Okon,none,wikidata-match-without-zh-label
RSA,South Africa,22,GK,Stuart Goss,Stuart Ricardo GOSS,1994-04-02,Siwelele FC (RSA),,Q58796031,Ricardo Goss,football player,Ricardo Goss,none,wikidata-match-without-zh-label
RSA,South Africa,23,MF,Jayden Adams,Jayden Oswin ADAMS,2001-05-05,Mamelodi Sundowns FC (RSA),,Q105520386,Jayden Adams,South African soccer player,Jayden Adams,none,wikidata-match-without-zh-label
RSA,South Africa,24,DF,Olwethu Makhanya,Olwethu Mpilwenhle MAKHANYA,2004-04-30,Philadelphia Union (USA),,Q122207713,Olwethu Makhanya,South African footballer,Olwethu Makhanya,none,wikidata-match-without-zh-label
RSA,South Africa,25,FW,Kamogelo Sebelebele,Kamogelo Michael SEBELEBELE,2002-07-21,Orlando Pirates FC (RSA),,Q137441719,Kamogelo Sebelebele,South African soccer player,Kamogelo Sebelebele,none,wikidata-match-without-zh-label
RSA,South Africa,26,DF,Bradley Cross,Bradley Paul CROSS,2001-01-30,Kaizer Chiefs FC (RSA),,Q117790110,Bradley Cross,South African footballer,Bradley Cross,none,wikidata-match-without-zh-label
ESP,Spain,3,DF,Alejandro Grimaldo García,Alejandro GRIMALDO GARCÍA,1995-09-20,Bayer 04 Leverkusen (GER),,,,,,none,no-wikidata-match
ESP,Spain,4,DF,Eric García Martret,Eric GARCÍA MARTRET,2001-01-09,FC Barcelona (ESP),,,,,,none,no-wikidata-match
ESP,Spain,8,MF,Fabian Ruiz Peña,Fabian RUIZ PEÑA,1996-04-03,Paris Saint-Germain (FRA),,,,,,none,no-wikidata-match
ESP,Spain,11,FW,Yeremy Pino Santos,Yeremy Jesús PINO SANTOS,2002-10-20,Crystal Palace FC (ENG),,,,,,none,no-wikidata-match
ESP,Spain,15,MF,Alejandro Baena Rodríguez,Alejandro BAENA RODRÍGUEZ,2001-07-20,Atlético De Madrid (ESP),,,,,,none,no-wikidata-match
ESP,Spain,16,MF,Rodrigo Hernández Cascante,Rodrigo HERNÁNDEZ CASCANTE,1996-06-22,Manchester City FC (ENG),,,,,,none,no-wikidata-match
ESP,Spain,18,MF,Martin Zubimendi Ibañez,Martin ZUBIMENDI IBAÑEZ,1999-02-02,Arsenal FC (ENG),,,,,,none,no-wikidata-match
ESP,Spain,20,MF,Pedro González López,Pedro GONZÁLEZ LÓPEZ,2002-11-25,FC Barcelona (ESP),,,,,,none,no-wikidata-match
ESP,Spain,25,FW,Victor Muñoz Villanueva,Victor MUÑOZ VILLANUEVA,2003-07-13,CA Osasuna (ESP),,,,,,none,no-wikidata-match
SWE,Sweden,1,GK,Jacob Widell Zetterström,Jacob Mikael WIDELL ZETTERSTRÖM,1998-07-11,Derby County FC (ENG),,Q95618487,Jacob Widell Zetterström,瑞典足球運動員,Jacob Widell Zetterström,none,wikidata-match-without-zh-label
SWE,Sweden,4,DF,Isak Hien,Isak Malcolm Kwaku HIEN,1999-01-13,Atalanta Bergamo (ITA),,Q105127935,Isak Hien,瑞典足球運動員,Isak Hien,none,wikidata-match-without-zh-label
SWE,Sweden,18,MF,Yasin Ayari,Yasin AYARI,2003-10-06,Brighton & Hove Albion FC (ENG),,,,,,none,no-wikidata-match
SWE,Sweden,26,FW,Taha Ali,Taha Abdi ALI,1998-07-01,Malmö FF (SWE),,Q109906009,Taha Ali,瑞典足球運動員,Taha Ali,none,wikidata-match-without-zh-label
SUI,Switzerland,25,DF,Luca Jaquez,Luca Antony JAQUEZ,2003-06-02,VfB Stuttgart (GER),,Q122160785,Luca Jaquez,Swiss footballer,Luca Jaquez,none,wikidata-match-without-zh-label
TUN,Tunisia,1,GK,Abdelmouhib Chamakh,Abdelmouhib CHAMAKH,2001-08-25,Club Africain (TUN),,Q139815346,Mouhib Chamakh,Tunisian footballer (born 2001),Mouhib Chamakh,none,wikidata-match-without-zh-label
TUN,Tunisia,4,DF,Omar Rekik,Omar REKIK,2001-12-20,NK Maribor (SVN),,Q96678415,Omar Rekik,Dutch-Tunisian association football player,Omar Rekik,none,wikidata-match-without-zh-label
TUN,Tunisia,5,DF,Adam Arous,Adam AROUS,2004-07-17,Kasımpaşa SK (TUR),,,,,,none,no-wikidata-match
TUN,Tunisia,9,FW,Hazem Mastouri,Hazem MASTOURI,1997-06-18,FC Dynamo Makhachkala (RUS),,Q134699960,Hazem Mastouri,Tunisian association football player,Hazem Mastouri,none,wikidata-match-without-zh-label
TUN,Tunisia,11,MF,Ismael Gharbi,Ismael Seifallah GHARBI,2004-04-10,FC Augsburg (GER),,,,,,none,no-wikidata-match
TUN,Tunisia,12,DF,Ahmed Ben Ouanes,Ahmed Mortadha BEN OUANES,1994-07-02,Kasımpaşa SK (TUR),,,,,,none,no-wikidata-match
TUN,Tunisia,14,MF,Khalil Ayari,Khalil AYARI,2005-02-02,Paris Saint-Germain (FRA),,Q134711363,Khalil Ayari,Tunisian association football player,Khalil Ayari,none,wikidata-match-without-zh-label
TUN,Tunisia,15,MF,Mohamed Belhadj Mahmoud,Mohamed BELHADJ MAHMOUD,2000-04-24,FC Lugano (SUI),,Q108653548,Mohamed Belhadj Mahmoud,Tunisian association football player,Mohamed Belhadj Mahmoud,none,wikidata-match-without-zh-label
TUN,Tunisia,18,FW,Rayan Elloumi,Rayan ELLOUMI,2007-09-17,Vancouver Whitecaps FC (CAN),,Q134932034,Rayan Elloumi,加拿大男子足球运动员,Rayan Elloumi,none,wikidata-match-without-zh-label
TUN,Tunisia,19,FW,Firas Chaouat,Firas CHAOUAT,1996-05-08,Club Africain (TUN),,Q58815643,Firas Chaouat,Tunisian association football player,Firas Chaouat,none,wikidata-match-without-zh-label
TUN,Tunisia,21,DF,Mohamed Ben Hmida,Mohamed Amine BEN HMIDA,1995-12-15,Espérance De Tunisie (TUN),,,,,,none,no-wikidata-match
TUN,Tunisia,22,GK,Sabri Ben Hsan,Sabri BEN HSAN,1996-06-13,Étoile Du Sahel (TUN),,Q139815184,Sabri Ben Hessen,Tunisian association football player (born 1996),Sabri Ben Hessen,none,wikidata-match-without-zh-label
TUN,Tunisia,23,DF,Moutaz Neffati,Moutaz NEFFATI,2004-09-04,IFK Norrköping FK (SWE),,Q123436577,Moutaz Neffati,瑞典足球運動員,Moutaz Neffati,none,wikidata-match-without-zh-label
TUN,Tunisia,24,DF,Raed Chikhaoui,Raed CHIKHAOUI,2004-06-09,US Monastir (TUN),,Q139816192,Raed Chikhaoui,Tunisian footballer (born 2001),Raed Chikhaoui,none,wikidata-match-without-zh-label
TUN,Tunisia,26,MF,Sebastian Tounekti,Sebastian TOUNEKTI,2002-07-13,Celtic FC (SCO),,Q96337717,Sebastian Tounekti,Norwegian-Tunisian association football player,Sebastian Tounekti,none,wikidata-match-without-zh-label
TUR,Türkiye,1,GK,Fehmi Günok,Fehmi Mert GÜNOK,1989-03-01,Fenerbahçe SK (TUR),,,,,,none,no-wikidata-match
TUR,Türkiye,2,DF,Mehmet Çelik,Mehmet Zeki ÇELIK,1997-02-17,AS Roma (ITA),,,,,,none,no-wikidata-match
TUR,Türkiye,3,DF,Merih Demi̇ral,Merih DEMİRAL,1998-03-05,Al Ahli FC (KSA),,,,,,none,no-wikidata-match
TUR,Türkiye,7,FW,Muhammed Aktürkoğlu,Muhammed Kerem AKTÜRKOĞLU,1998-10-21,Fenerbahçe SK (TUR),,,,,,none,no-wikidata-match
TUR,Türkiye,8,FW,Arda Güler,Arda GÜLER,2005-02-25,Real Madrid C. F. (ESP),,,,,,none,no-wikidata-match
TUR,Türkiye,9,FW,Deniz Gül,Deniz Daniel GÜL,2004-07-02,FC Porto (POR),,Q123174990,Deniz Gül,瑞典足球運動員,Deniz Gül,none,wikidata-match-without-zh-label
TUR,Türkiye,11,FW,Kenan Yildiz,Kenan YILDIZ,2005-05-04,Juventus FC (ITA),,,,,,none,no-wikidata-match
TUR,Türkiye,12,GK,Altay Bayindir,Altay BAYINDIR,1998-04-14,Manchester United FC (ENG),,,,,,none,no-wikidata-match
TUR,Türkiye,13,DF,Evren Elmali,Evren Eren ELMALI,2000-07-07,Galatasaray SK (TUR),,,,,,none,no-wikidata-match
TUR,Türkiye,14,DF,Abdülkerİm Bardakci,Abdülkerİm BARDAKCI,1994-09-07,Galatasaray SK (TUR),,,,,,none,no-wikidata-match
TUR,Türkiye,16,MF,İsmaİl Yüksek,İsmaİl YÜKSEK,1999-01-26,Fenerbahçe SK (TUR),,,,,,none,no-wikidata-match
TUR,Türkiye,17,FW,İrfan Kahveci̇,İrfan KAHVECİ,1995-07-15,Kasımpaşa SK (TUR),,,,,,none,no-wikidata-match
TUR,Türkiye,20,DF,Ferdi Kadioğlu,Ferdi Erenay KADIOĞLU,1999-10-07,Brighton & Hove Albion FC (ENG),,,,,,none,no-wikidata-match
TUR,Türkiye,21,FW,Barış Yilmaz,Barış Alper YILMAZ,2000-05-23,Galatasaray SK (TUR),,,,,,none,no-wikidata-match
TUR,Türkiye,23,GK,Uğurcan Çakir,Uğurcan ÇAKIR,1996-04-05,Galatasaray SK (TUR),,,,,,none,no-wikidata-match
TUR,Türkiye,24,FW,Oğuz Aydin,Oğuz AYDIN,2000-10-27,Fenerbahçe SK (TUR),,,,,,none,no-wikidata-match
TUR,Türkiye,25,DF,Samet Akaydin,Samet AKAYDIN,1994-03-13,Çaykur Rizespor (TUR),,,,,,none,no-wikidata-match
URU,Uruguay,2,DF,José Giménez De Vargas,José María GIMÉNEZ DE VARGAS,1995-01-20,Atlético De Madrid (ESP),,,,,,none,no-wikidata-match
URU,Uruguay,3,DF,Sebastián Cáceres Ramos,Sebastián Enzo CÁCERES RAMOS,1999-08-18,Club América (MEX),,,,,,none,no-wikidata-match
URU,Uruguay,4,DF,Ronald Araújo Da Silva,Ronald Federico ARAÚJO DA SILVA,1999-03-07,FC Barcelona (ESP),,,,,,none,no-wikidata-match
URU,Uruguay,7,MF,Diego De La Cruz Arcosa,Diego Nicolás DE LA CRUZ ARCOSA,1997-06-01,CR Flamengo (BRA),,,,,,none,no-wikidata-match
URU,Uruguay,9,FW,Darwin Nuñez Ribeiro,Darwin Gabriel NUÑEZ RIBEIRO,1999-06-24,Al Hilal SC (KSA),,,,,,none,no-wikidata-match
URU,Uruguay,10,MF,Giorgian De Arrascaeta Benedetti,Giorgian Daniel DE ARRASCAETA BENEDETTI,1994-06-01,CR Flamengo (BRA),,,,,,none,no-wikidata-match
URU,Uruguay,12,GK,Santiago Mele Castañero,Santiago Andres MELE CASTAÑERO,1997-09-06,CF Monterrey (MEX),,Q27921765,Santiago Mele,乌拉圭男子足球运动员,Santiago Mele,none,wikidata-match-without-zh-label
URU,Uruguay,14,MF,Agustin Canobbio,Agustin CANOBBIO,1998-10-01,Fluminense FC (BRA),,,,,,none,no-wikidata-match
URU,Uruguay,16,DF,Mathías Olivera Miramontes,Mathías OLIVERA MIRAMONTES,1997-10-31,SSC Napoli (ITA),,,,,,none,no-wikidata-match
URU,Uruguay,17,DF,Matías Viña Susperreguy,Matías Nicolas VIÑA SUSPERREGUY,1997-11-09,CA River Plate (ARG),,,,,,none,no-wikidata-match
URU,Uruguay,18,FW,Paul Rodríguez Bravo,Paul Brian RODRÍGUEZ BRAVO,2000-05-20,Club América (MEX),,,,,,none,no-wikidata-match
URU,Uruguay,19,FW,Rodrigo Aguirre Soto,Rodrigo Sebastian AGUIRRE SOTO,1994-10-01,Tigres UANL (MEX),,Q2070073,Rodrigo Aguirre,乌拉圭男子足球运动员,Rodrigo Aguirre,none,wikidata-match-without-zh-label
URU,Uruguay,20,MF,Maximiliano Araújo Vilches,Maximiliano Javier ARAÚJO VILCHES,2000-02-15,Sporting CP (POR),,,,,,none,no-wikidata-match
URU,Uruguay,21,FW,Federico Viñas Barboza,Federico Sebastian VIÑAS BARBOZA,1998-06-30,Real Oviedo (ESP),,,,,,none,no-wikidata-match
URU,Uruguay,22,MF,Joaquin Piquerez Moreira,Joaquin PIQUEREZ MOREIRA,1998-08-24,SE Palmeiras (BRA),,,,,,none,no-wikidata-match
USA,USA,8,MF,Weston Mc Kennie,Weston James Earl MC KENNIE,1998-08-28,Juventus FC (ITA),,,,,,none,no-wikidata-match
USA,USA,14,MF,Sebastian Berhalter,Sebastian Matthew BERHALTER,2001-05-10,Vancouver Whitecaps FC (CAN),,Q86301356,Sebastian Berhalter,American soccer player,Sebastian Berhalter,none,wikidata-match-without-zh-label
USA,USA,18,DF,Maximilian Arfsten,Maximilian Michael ARFSTEN,2001-04-19,Columbus Crew (USA),,Q117309867,Max Arfsten,美國足球運動員,Max Arfsten,none,wikidata-match-without-zh-label
USA,USA,22,DF,Mark Mckenzie,Mark Alexander MCKENZIE,1999-02-25,Toulouse FC (FRA),,,,,,none,no-wikidata-match
USA,USA,24,GK,Matthew Freese,Matthew Andrew Geary FREESE,1998-09-02,New York City FC (USA),,Q62036070,Matt Freese,美國足球運動員,Matt Freese,none,wikidata-match-without-zh-label
USA,USA,25,GK,Christopher Brady,Christopher Keith BRADY,2004-03-03,Chicago Fire FC (USA),,Q98594864,Chris Brady,美國足球運動員,Chris Brady,none,wikidata-match-without-zh-label
USA,USA,26,FW,Alejandro Zendejas Saavedra,Alejandro ZENDEJAS SAAVEDRA,1998-02-07,Club América (MEX),,Q19972593,Alejandro Zendejas,American soccer player,Alejandro Zendejas,none,wikidata-match-without-zh-label
UZB,Uzbekistan,4,DF,Farrukh Sayfiev,Farrukh SAYFIEV,1991-01-17,FK Neftchi Farg'ona (UZB),,Q18753041,Farrukh Sayfiev,Uzbekistani footballer,Farrukh Sayfiev,none,wikidata-match-without-zh-label
UZB,Uzbekistan,6,MF,Akmal Mozgovoy,Akmal MOZGOVOY,1999-04-02,Pakhtakor Tashkent FK (UZB),,Q99777968,Akmal Mozgovoy,Uzbekistani footballer,Akmal Mozgovoy,none,wikidata-match-without-zh-label
UZB,Uzbekistan,9,MF,Odiljon Xamrobekov,Odiljon XAMROBEKOV,1996-02-13,Tractor Sazi Tabriz FC (IRN),,,,,,none,no-wikidata-match
UZB,Uzbekistan,10,MF,Ruslanbek Jiyanov,Ruslanbek JIYANOV,2001-06-05,PFC Navbahor Namangan (UZB),,Q117289729,Ruslanbek Jiyanov,Uzbekistani footballer,Ruslanbek Jiyanov,none,wikidata-match-without-zh-label
UZB,Uzbekistan,13,DF,Sherzod Nasrullaev,Sherzod NASRULLAEV,1998-07-23,Pakhtakor Tashkent FK (UZB),,Q124101458,Sherzod Nasrullaev,Uzbek footballer,Sherzod Nasrullaev,none,wikidata-match-without-zh-label
UZB,Uzbekistan,16,GK,Botirali Ergashev,Botirali ERGASHEV,1995-06-23,FK Neftchi Farg'ona (UZB),,Q51670751,Botirali Ergashev,Uzbek footballer,Botirali Ergashev,none,wikidata-match-without-zh-label
UZB,Uzbekistan,23,MF,Sherzod Esanov,Sherzod ESANOV,2003-02-01,FK Buxoro (UZB),,Q128133456,Sherzod Esanov,Uzbekistani footballer,Sherzod Esanov,none,wikidata-match-without-zh-label
UZB,Uzbekistan,24,DF,Behruzjon Karimov,Behruzjon KARIMOV,2007-08-07,Surkhon FK (UZB),,,,,,none,no-wikidata-match
UZB,Uzbekistan,25,DF,Avazbek Ulmasaliyev,Avazbek ULMASALIYEV,2000-03-27,OKMK FK (UZB),,,,,,none,no-wikidata-match
UZB,Uzbekistan,26,DF,Jakhongir Urozov,Jakhongir UROZOV,2004-01-18,FK Dinamo Samarkand (UZB),,Q122055800,Jakhongir Urozov,Uzbekistani association football player,Jakhongir Urozov,none,wikidata-match-without-zh-label
